SCIENTNAME,NAME
BETA VULGARIS L. V FLAVESC.,SPINACH BEET
DAUCUS CAROTA L.,CARROT
JUGLANS REGIA L.,ENGLISH WALNUT *
FAGUS SYLVATICA L.,EUROPEAN BEECH
ABUTILON THEOPHARASTI MEDIC,CHINA JUTE *
DACTYLIS GLOMERATA L.,ORCHARD GRASS
LUPINUS ALBUS L.,WHITE LUPINE
LUPINUS ANGUSTIFOLIUS L.,BLUE LUPINE
LUPINUS LUTEUS L.,YELLOW LUPINE
CASTANEA SATIVA MILL.,"CHESTNUT, EUROPEAN *"
CASTANEA PUMILA,CHINQUAPIN *
CASTANEA MOLLISIMA L.,"CHESTNUT, CHINESE *"
CASTANEA DENTATA BORKH.,"CHESTNUT, AMERICAN *"
CASTANEA CRENATA SI. & ZU.,"CHESTNUT, JAPANESE *"
ARECA CATECHU L.,BETEL PALM
AGROSTIS GIGANTEA ROTH.,COMMON BENTGRASS
PHALARIS ARUNDINACEA L.,REED CANARYGRASS
BROMUS INERMIS LEYSS.,BROME GRASS
FESTUCA RUBRA L. V. RUBRA,RED FESCUE
TRIFOLIUM MEDIUM L.,ZIGZAG CLOVER *
FESTUCA PRATENSIS HUDS.,MEADOW FESCUE
LOLIUM PERENNE L.,PERENNIAL REYGRASS
PHLEUM PRATENSE L.,TIMOTHY
POA PRATENSIS L.,SMOOTH MEADOW GRASS
MELILOTUS ALBA MEDIK.,WHITE SWEETCLOVER
MELILOTUS OFFICINALIS LAM.,YELLOW SWEETCLOVER
ONOBRYCHIS VICIIFOLIA SCOP.,SAINFOIN *
TRIFOLIUM PRATENSE L.,RED CLOVER
TRIFOLIUM REPENS L.,WHITE CLOVER
TRIFOLIUM HYBRIDUM L.,ALSIKE CLOVER
ACACIA MEARNSII DE WILD.,BLACK WATTLE *
DIGITARIA ERIANTHA STEUDEL,PANGOLA GRASS
PASPALUM DILATATUM POIRET,DALLIS GRASS
PASPALUM NOTATUM FLUEGGE,BAHIA GRASS
SETARIA SPHACELATA 'KAZUN.',GOLDEN TIMOTHY *
ALLIUM SATIVUM L.,GARLIC
AGATHIS DAMMARA (A.B. LAMB),DAMAR *
ALNUS RUBRA BONG.,RED ALDER *
TRAGOPOGON PORRIFOLIUS L.,SALSIFY *
POPULUS DELTOIDES BARTR.,CAROLINA POPLAR *
APIUM GRAVEOLENS L. V DULCE,CELERY
SINAPIS ALBA L.,"MUSTARD, WHITE"
TAXODIUM DISTICHUM (L) RICH,SWAMP CYPRESS *
RIBES HIRTELLUM,HAIRY GOOSEBERRY *
RIBES NIGRUM L.,BLACK CURRANT *
RIBES RUBRUM,RED CURRANT *
RIBES SATIVUM,COMMON RED RIBES *
ARTOCARPUS HETEROPHYLLUS L.,JACKFRUIT
ALLIUM AMPELOPRASUM L.V P.,LEEK
ALLIUM SCHOENOPRASUM L.,CHIVES
ALLIUM TUBEROSUM ROTTLER,CHINESE CHIVES
BETA VULGARIS L. V CRASSA,GARDEN BEET
BETA VULGARIS L. V CICLA,SWISS CHARD
ABELMOSCHUS MANIHOT (L.) M.,SUNSET HIBISCUS *
TETRAGONIA TETRAGONIOIDES P,NEW ZEALAND SPINACH *
ANETHUM GRAVEOLENS L.,DILL *
FOENICULUM VULGARE MILL.,FENNEL *
TRIFOLIUM INCARNATUM L.,CRIMSON CLOVER *
JUGLANS NIGRA L.,BLACK WALNUT *
JUGLANS HINDSII JEPS.,CALIFORNIA B. WALNUT *
DIOSPYROS VIRGINIANA L.,PERSIMMON *
TRIFOLIUM FRAGIFERUM L.,STRAWBERRY CLOVER *
AGROPYRON DESERTORUM (FIS.),CRESTED WHEATGRASS
AGROPYRON INTERMEDIUM HOST,GRENAR WHEATGRASS *
AGROPYRON SMITHII RYDB.,WESTERN WHEATGRASS
POA ANNUA L.,ANNUAL BLUEGRASS
POA TRIVIALIS L.,ROUGH BLUEGRASS *
LOLIUM MULTIFLORUM LAM.,ITALIEN RYEGRASS
AGROPYRON DASYSTACHYUM,THICKSPINE WHEATGRASS *
AGROPYRON RIPARIUM SCRIBN.,STREAMBANK WHEATGRASS *
AGROPYRON SPICATUM (PURSH),BLUEBUNCH WHEATGRASS
AGROSTIS STOLONIFERA L.,CREEPING BENTGRASS *
ALOPECURUS PRATENSIS L.,MEADOW FOXTAIL
AGROPYRON REPENS (L.)BEAUV.,QUARKGRASS *
ALOPECURUS ARUNDINACEUS PO.,CREEPING FOXTAIL *
AMMOPHILA ARENARIA (L.)LINK,EUROPEAN BEACHGRASS *
AMMOPHILLA BREVILIGULATA F.,AMERICAN BEACHGRASS *
BUCHLOE DACTYLOIDES (NUTT.),BUFFALO GRASS *
BECKMANNIA SYZIGACHNE (ST.),SLOUGHGRASS *
ELYMUS CANADENSIS L.,CANADA WILDRYE *
ELYMUS CINEREUS SCRIB.&MERR,BASIN WILDRYE *
ELYMUS CONDENSATUS PRESL.,GIANT WILDRYE *
ELYMUS GLAUCUS BUCKL.,BLUE WILDRYE *
ERAGROSTIS TRICHODES,SAND LOVE GRASS *
FESTUCA LONGIFOLIA THUILL.,HARD FESCUE *
FESTUCA IDAHOENSIS ELMER,IDAHO FESCUE *
FESTUCA RUBRA L V COMMUTATA,CHEWING'S RED FESCUE
AGROSTIS CANINA L.,VELVET BENTGRASS
AGROSTIS TENUIS SIBTH.,COLONIAL BENTGRASS *
LASIURUS HIRSUTUS BOISS.,SEWAN GRASS *
AGROPYRON ELONGATUM (HOST),TALL WHEATGRASS *
TRIFOLIUM VESICULOSUM SAVI,ARROWLEAF CLOVER *
TRIFOLIUM SUBTERRANEUM L.,SUBTERRANEAN CLOVER *
TRIFOLIUM HIRTUM ALL.,ROSE CLOVER *
TRIFOLIUM RESUPINATUM L.,PERSIAN CLOVER *
TRIFOLIUM ARVENSE L.,RABBITFOOT CLOVER *
TRIFOLIUM VARIEGATUM NUTT.,WHITETIP CLOVER *
AGROPYRON CRISTATUM (L.) G.,CRESTED WHEATGRASS FW.
AGROPYRON TRICHOPHORUM LIN.,STIFF HAIR WHEATGRASS *
AGROPYRON SIBIRICUM (WILL.),SIBERIAN WHEATGRASS *
AGROPYRON TAURI BOISS.&BAL.,TAURI WHEATGRASS *
ARRHENATHERUM ELATIUS (L.),MEADOW OAT GRASS *
BROMUS TOMENTELLUS BOISS.,RUSSIAN BROME GRASS *
DACTYLIS GLOMERATA HISPANI.,ORCHARD GRASS MEDITER.*
POA BULBOSA L.,BULBOUS BLUEGRASS *
POA FENDLERIANA (STEUD.) V.,MUTTON BLUEGRASS *
POA SINAICA STEUD.,SINAI MEADOW GRASS *
LOLIUM RIGIDUM GAUD.,RIGID RYEGRASS *
ANTHEMIS NOBILIS (L.) ALL.,CHAMOMILE *
ANTHRISCUS CEREFOLIUM L.,CHERVIL *
MAJORANA HORTENSIS (MÃ¶NCH),SWEET MARJORAM *
MENTHA ARVENSIS V PIPERASC.,CORN MINT *
MENTHA SPICATA L. V. CRISPA,SPEARMINT *
ARTEMISIA DRACUNCULUS L.,TARRAGON *
THYMUS VULGARIS L.,THYME *
FRANGULA ALNUS MILL.,BUCKTHORN *
TARAXACUM OFFICINALE WEBER,DANDELION *
TRITICUM SPELTA L.,SPELT *
GENISTA TINCTORIA L.,DYER'S-GREENWOOD *
AVENA BYZANTINA K. KOCH,RED OAT *
CHENOPODIUM ALBUM L.,FAT HEN *
VICIA VILLOSA ROTH,WOOLYPOD VETCH
VICIA SATIVA L. S. SATIVA,COMMON VETCH *
VICIA PANNONICA CRANTZ,HUNGARIAN VETCH *
VICIA SATIVA L. S. NIGRA,BLACKPOD VETCH *
VICIA BENGHALENSIS L.,PURPLE VETCH *
VICIA ERVILIA (L.) WILLD.,BITTER VETCH *
VICIA MONANTHA RETZ.,BARD VETCH *
PAPAVER SOMNIFERUM L.,OPIUM POPPY
LIMNANTHES ALBA,WHITE MEADOWFOAM *
RUBUS SPP,DEWBERRIES *
RUBUS SPP,BLACKBERRY *
FRAGARIA VESCA L.,EUROPEAN STRAWBERRY *
ANDROPOGON HALLII HACK.,SAND BLUESTEM *
ANDROPOGON GERARDII VITMAN,BIG BLUESTEM *
ANGELICA ARCHANGELICA L.,GARDEN ANGELICA
LUPINUS PILOSUS,LUPINUS PILOSUS *
BRASSICA NIGRA L.,BLACK MUSTARD *
CULLENIA ROSAYROANA KOSTER.,WILD DURIAN *
LATHYRUS HIRSUTUS L.,ROUGH PEA *
GLYCYRRHIZA GLABRA L.,"LICORICE, COMMON *"
LOTUS ULIGINOSUS SCHKUHR,BIG TREFOIL *
LOTUS TENUIS WALD. & KIT.,NARROWLEAF TREFOIL *
MEDICAGO ARABICA (L.) HUDS.,SPOTTED BURCLOVER *
PUERARIA LOBATA (WILLD.) O.,KUDZU *
TRIFOLIUM AMBIGUUM BIEB.,KURA CLOVER *
GLYCYRRHIZA LEPIDOTA PURSH,"LICORICE, AMERICAN *"
MELILOTUS SUAVEOLENS LEDEB.,SWEET CLOVER *
SPARTIUM JUNCEUM L.,SPANISH BROOM *
CAPPARIS SPINOSA,CAPER *
FAGUS GRANDIFOLIA,AMERICAN BEECH *
TRIFOLIUM AGRARIUM L.,HOP CLOVER *
TRIFOLIUM CAMPESTRE SCHREB.,LARGE HOP CLOVER *
TRIFOLIUM DUBIUM SIBTH.,SMALL HOPE CLOVER *
ASTRAGALUS CICER L.,CICER MILKVETCH *
AGROPYRON TRACHYCAULUM LINK,SLENDER WHEATGRASS *
ACER SACCHARUM,SUGAR MAPLE *
THYMUS SERPYLLUM L.,WILD THYME *
PANAX QUINQUEFOLIUM L.,AMERICAN GINSENG *
MELISSA OFFICINALIS L.,SWEET BALM *
MENTHA PULEGIUM L.,EUROPEAN PENNYROYAL *
MENTHA ROTUNDIFOLIA (L)HUDS,APPLEMINT *
MYRTUS COMMUNIS L.,MYRTLE *
NEPETA CATARIA L.,CATNIP *
CALENDULA OFFICINALIS L.,CALENDULA *
CALTHA PALUSTRIS L.,COWSLIP *
COLCHICUM AUTUMNALE L.,COLCHICUM *
DIGITALIS PURPUREA L.,"FOXGLOVE, COMMON *"
JUGLANS SIEBOLDIANA,HEARTNUT *
SETARIA SPHACELATA 'NANDI',GOLDEN TIMOTHY *
SETARIA SPHACELATA 'NAROK',GOLDEN TIMOTHY *
NOTHOFAGUS CUNNINGHAMII (H),MYRTLE *
LEVISTICUM OFFICINALE KOCH,LOVAGE *
AILANTHUS ALTISSIMA (MILL.),AILANTHUS *
DACRYDIUM FRANKLINII HOOK.F,HUON PINE *
PHYLLOCLADUS ASPLENIIFOLIUS,CELERY TOP PINE *
ATHROTAXIS SELAGINOIDES DON,KING WILLIAM PINE *
CLEISTOGENES CHINENSIS (M.),CLEISTOGENES CHINENSI.*
CALAMAGROSTRIS EPIGEIOS L.,CALAMAGROSTRIS EPIGEI.*
CLEISTOGENES SQUARROSA (T.),CLEISTOGENES SQUARROSA*
CLINELYMUS DAHURICUS (TUR.),CLINELYMUS DAHURICUS *
DEYEUXIA ANGUSTIFOLIA VICK.,DEYEUXIA ANGUSTIFOLIA *
HIEROCHLOE ODORATA L.BEAUV.,HIEROCHLOE ODORATA *
HEMARTHRIA JAPONICA STAPF,HEMARTHRIA JAPONICA *
HORDEUM BREVISUBULATUM (T.),HORDEUM BREVISUBULATUM*
PHRAGMITES COMMUNIS (L.) T.,PHRAGMITES COMMUNIS *
PUCCINELLIA TENUIFLORA (S.),PUCCINELLIA TENUIFLORA*
SPODIOPONGO SIBIRICUS TRIN,SPODIOPONGO SIBIRICUS *
STRIPA BAICALENSIS ROSHEV,STRIPA BAICALENSIS *
STRIPA GRANDIS SMIRN.,STRIPA GRANDIS *
STRIPA GLAREOSA SMIRN.,STRIPA GLAREOSA *
STRIPA GOBICA ROSHEV.,STRIPA GOBICA *
STRIPA KRYLOVII ROSHEV.,STRIPA KRYLOVII *
STRIPA CAPILLATA L.,STRIPA CAPILLATA
STRIPA BREVIFLORA GRISEB.,STRIPA BREVIFLORA *
AGROPYRON MONGOLICUM KENG,AGROPYRON MONGOLICUM *
ACHNATHERUM SPLENDENS (TR.),ACHNATHERUM SPLENDENS *
AGROSTIS TRINII TURCZ.,AGROSTIS TRINII *
KOELERIA CRISTATA GRISEB.,KOELERIA CRISTATA *
POA COMPRESSA L.,CANADA BLUEGRASS *
CARAGANA MICROPHYLLA LAM.,CARAGANA MICROPHYLLA *
CARAGANA INTERMEDIA,CARAGANA INTERMEDIA *
CARAGANA KORSHINSKII,CARAGANA KORSHINSKII *
SALIX FLAVIDA CHANG & SKV.,SALIX FLAVIDA *
PINUS SYLVESTRIS L.,SCOTS PINE *
PINUS SYLVESTRIS V MONGOLI.,PINUS SYLVESTRIS V MON*
PINUS TABULAEFORMIS CARR.,PINUS TABULAEFORMIS *
POPULUS SIMONII,POPULUS SIMONII *
CAMELLIA SINENSIS V SINENS.,CHINA TEA
ACACIA SILVESTRIS TINDALE,BODALLA WATTLE *
PHALARIS CANARIENSIS L.,CANARY GRASS *
ALLIUM CHINENSE G. DON,RAKKYO
BETA VULGARIS L. V VULGARIS,SUGAR BEET
ONOBRYCHIS SCROBICULATA BO.,ONOBRYCHIS SCROBICULATA
VICIA NARBONENSIS L.,NARBONNE VETCH *
VICIA VILLOSA ROTH. S DASY.,CARDYNE VETCH *
LOTUS EDULIS L.,ESCULENT BIRDSFOOT TRE*
LOTUS HALOPHILUS BOISS.,PRETTY BIRDSFOOT TREFO*
TRITICUM AESTIVUM L.,"WHEAT, COMMON"
BRASSICA NAPUS L.,SWEDE RAP
BRASSICA CHINENSIS L.,CHINESE CABBAGE
BRASSICA JUNCEA (L.) CZERN.,LEAF MUSTARD
HORDEUM VULGARE L.,BARLEY
AVENA SATIVA L.,OATS
BRASSICA OLERACEA L.V CAPI.,CABBAGE
LENS CULINARIS MEDIKUS,LENTIL
LINUM USITATISSIMUM L.,LINSEED
RICINUS COMMUNIS L.,CASTOR
LOTUS CORNICULATUS L.,BIRDSFOOT TREFOIL
LATHYRUS SATIVUS L.,GRASS PEA *
CYNODON DACTYLON (L.) PERS.,BERMUDA GRASS
NASTURTIUM OFFICINALE R.BR.,WATERCRESS
SIMMONDSIA CHINENSIS LINK.,JOJOBA
AVENA FATAU L.,WILD OAT
CHRYSANTHEMUM CINERARIAEFO.,PYRETHRUM
HEMARTHRIA ALTISSIMA (POI.),LIMPO GRASS *
PRUNUS AVIUM L.,"CHERRY, SWEET"
SANTALUM SPICATUM (R.BR)DC.,"SANDALWOOD, AUSTRALIAN"
ERUCA SATIVA MILLER,GARDEN ROCKET *
ARGANIA SPINOSA (L.) SKEELS,ARGAN *
COCOS NUCIFERA L.,COCONUT
MUSA ACUMINATA COLLA,BANANA
LYCOPERSICON ESCULENTUM M.,TOMATO
CITRUS SINENSIS (L.) OSBECK,SWEET ORANGE
MALUS SYLVESTRIS MILL.,APPLE
ARACHIS HYPOGAEA L.,GROUNDNUT
THEOBROMA CACAO L.,CACAO
ELAEIS GUINEENSIS JACQ.,AFRICAN OIL PALM
GOSSYPIUM HIRSUTUM L.,"COTTON, AMERICAN UPLAND"
PIPER NIGRUM L.,"PEPPER, BLACK OR WHITE"
MEDICAGO SATIVA L.,ALFALFA
OLEA EUROPAEA L.,"OLIVE, EUROPAEN"
CARTHAMUS TINCTOIUS L.,SAFFLOWER
CITRULLUS LANATUS (T) MANSF,WATERMELON
CUCUMIS SATIVUS L.,CUCUMBER
CUCURBITA MAXIMA DUCH EX L.,SQUASH GOURD
VICIA FABA L.,BROAD BEAN
MANGIFERA INDICA L.,MANGO
CARICA PAPAYA L.,PAPAYA
ANACARDIUM OCCIDENTALE L.,CASHEW
SOLANUM MELONGENA L.,EGGPLANT
CUCUMIS MELO L.,MUSK MELON
BOEHMERIA NIVEA (L.) GAUD.,RAMIE *
HEDYSARUM CORONARIUM L.,SPANISH SAINFOIN *
BRASSICA RAPA L. V RAPIFERA,TURNIP RAP
PRUNUS ARMENIACA L.,APRICOT
PRUNUS PERSICA (L.) BATSCH,PEACH
PRUNUS DOMESTICA L.,PLUM
LITCHI CHINENSIS SONN.,LYCHEE
PSATHYROSTACHYS JUNCEA (F.),"WILDRYE, RUSSIAN"
CORONILLA VARIA L.,CROWNVETCH
BRASSICA OLERACEA L.V GEMM.,BRUSSELS SPROUTS
BRASSICA OLERACEA L.V BOTR.,CAULIFLOWER
BRASSICA OLERACEA L.V ACEP.,COLLARDS
BRASSICA OLERACEA L.V GONG.,KOHLRABI
ACROCERAS MACRUM STAPF,NILE GRASS
CUCURBITA PEPO L.,VEGETABLE MARROW
ASTREBLA SQUARROSA C.E.HUBB,BULL MITCHELL GRASS *
AXONOPUS AFFINIS CHASE,CARPET GRASS
AXONOPUS COMPRESSUS (SW.) B,TROPICAL CARPET GRASS
BOTHRIOCHLOA ISCHAEMUM (L.),YELLOW  BLUESTEM
BOTHRIOCHLOA PERTUSA (L.) C,SEYMOUR GRASS
BRACHIARIA BRIZANTHA (A.R.),SIGNAL GRASS
CENCHRUS CILIARIS L.,BUFFEL GRASS *
CHLORIS VIRGATA SW.,FEATHER FINGER GRASS *
CYNODON PLECTOSTACHYUS (K.),STARGRASS *
ECHINOCHLOA PYRAMIDALIS (L),ANTELOPE GRASS
ERAGROSTIS CURVULA (SCH.) N,WEEPING LOVE GRASS
PANICUM ANTIDOTALE RETZ.,BLUE PANIC *
PENNISETUM CLANDESTINUM H.,KIKUYU GRASS
CALOPOGONIUM MUCUNOIDES DS.,CALOPO *
MACROPTILIUM LATHYROIDES L.,PHASEY BEAN
CLITORIA TERNATEA L.,BUTTERFLY PEA *
ACACIA SALIGNA (LABILL) H.,ORANGE WATTLE
ACACIA DECURRENS WILLD.,GREEN WATTLE
ACACIA MELANOXYLON R. BR.,AUSTRALIAN BLACKWOOD
ACACIA TORTILIS (FORSK) HA.,UMBRELLA THORN *
ACROCARPUS FRAXINIFOLIUS W.,SHINGLE TREE *
CALLITRIS COLUMELLARIS F.M.,CYPRESS PINE *
CASUARINA DECAISNEANA F.MEU,DESERT SHEOAK
CASUARINA GLAUCA SIEBER EX,SWAMP SHEOAK
CRYPTOMERIA JAPONICA (L.F.),SUGI *
CUNNINGHAMIA LANCEOLATA (L),CHINESE FIR *
CUPRESSUS ARIZONICA GREENE,ARIZONA CYPRESS *
CUPRESSUS MACROCARPA HARTW.,MONTEREY CYPRESS *
ELAEAGNUS ANGUSTIFOLIA L.,RUSSIAN OLIVE *
EUCALYPTUS BOTRYOIDES SMITH,SOUTHERN MAHOGANY
EUCALYPTUS BROCKWAYI C.GAR.,DUNDAS MAHOGANY
EUCALYPTUS CAMALDULENSIS NP,RIVER RED GUM (NP)
EUCALYPTUS CAMALDULENSIS SP,RIVER RED GUM (SP)
EUCALYPTUS CITRIODORA HOOK.,LEMON SENTED IRON GUM
EUCALYPTUS CLADOCALYX F. M.,SUGAR GUM
EUCALYPTUS CLOEZIANA F.MUE.,GYMPIE MESSMATE
EUCALYPTUS CREBRA F. MUELL.,NARROW-LEAVED IRONBARK
EUCALYPTUS DEGLUPTA BLUME,MINDANAO GUM
EUCALYPTUS DELEGATENSIS R.,ALPINE ASH
EUCALYPTUS GLOBULUS GLOBUL.,TASMANIAN BLUE-GUM
EUCALYPTUS GOMPHOCEPHALA DC,TUART
EUCALYPTUS GRANDIS W. HILL,FLOODED GUM
EUCALYPTUS INTERTEXTA R.BA.,GUM-BARKED COOLIBAH
EUCALYPTUS LARGIFLORENS F.M,BLACK BOX
EUCALYPTUS SIEBERI L.JOHNS.,SILVERTOP ASH
EUCALYPTUS MELLIODORA CUNN.,YELLOW BOX
EUCALYPTUS MICROCORYS F.MU.,TALLOW WOOD
EUCALYPTUS MICROTHECA F.MU.,COOLIBAH
EUCALYPTUS OBLIQUA L'HERIT.,MESSMATE TREE
EUCALYPTUS OCCIDENTALIS EN.,FLAT-TOPPED YATE
EUCALYPTUS PANICULATA SMITH,GREY IRONBARK
EUCALYPTUS PELLITA F. MUELL,LARGE-FR. RED MAHOGANY
EUCALYPTUS PROPINQUA D.& M.,SMALL-FRUITED GREY GUM
EUCALYPTUS RESINIFERA SMITH,RED MAHOGANY
EUCALYPTUS ROBUSTA SMITH,SWAMP MAHOGANY
EUCALYPTUS SALIGNA SMITH,SYDNEY BLUE GUM
EUCALYPTUS SALMONOPHLOIA F.,SALMON GUM
ACACIA PYCNANTHA BENTH.,GOLDEN WATTLE
EUCALYPTUS SARGENTII MAIDEN,SALT RIVER MALLETT
EUCALYPTUS SIDEROXYLON CUN.,RED IRONBARK (SIDEROX.)
EUCALYPTUS ST.-JOHNII,ST. JOHN'S GUM
EUCALYPTUS TERETICORNIS SM.,FOREST RED GUM
EUCALYPTUS TORELLIANA F. M.,CADAGA
FICUS BENGHALENSIS L.,BANYAN *
GLEDITSIA TRIACANTHOS L.,HONEY-LOCUST
GREVILLEA ROBUSTA A.CUNN.,SILKY OAK *
HALOXYLON APHYLLUM (MINKW.),BLACK SAXAUL *
LIQUIDAMBAR STYACIFLUA L.,BILSTED *
PINUS BRUTIA TEN.,BRUTIA PINE *
PINUS CANARIENSIS C.SM.,CANARY ISLAND PINE *
"PINUS CARIBAEA, CARIBAEA",CARRIBEAN PINE *
"PINUS CARIBAEA, HONDURENSIS",HONDURAN PINE *
"PINUS ELLIOTTII, ELLIOTTII",SLASH PINE *
PINUS HALEPENSIS MILL.,ALEPPO PINE *
PINUS KESIYA ROYLE EX GORD.,KHASYA PINE *
"PINUS MERKUSII, CONTINENTAL",TENASSERIM PINE *
"PINUS MERKUSII, ISLAND",TENASSERIM PINE *
PINUS MICHOACANA MARTINEZ,MICHOACAN PINE *
PINUS MONTEZUMAE LAMB.,MONTEZUMA PINE *
PINUS OCCIDENTALIS SWARTZ,WEST INDIAN PINE *
PINUS PALUSTRIS MILL.,LONGLEAF PINE *
PINUS PATULA SCHIEDE & DEP.,PATULA PINE *
PINUS PINASTER AITON (PORT),MARITIME PINE *
PINUS PINEA L.,UMBRELLA PINE *
PINUS PONDEROSA DOUGL.,PONDEROSA PINE *
PINUS PSEUDOSTROBUS LINDL.,FALSE WEYMOUNTH PINE *
PINUS RADIATA D. DON.,RADIATA PINE *
PINUS ROXBURGHII SARG.,CHIR PINE *
PINUS TAEDA L.,LOBLOLLY PINE *
LUPINUS MUTABILIS SWEET,TARWI
ACTINIDIA CHINENSIS PLANCH.,KIWIFRUIT *
CORYLUS AVELLANA L.,EUROPEAN HAZELNUT
SOLANUM INCANUM L.,SODUM APPLE
SOLANUM MACROCARPON L.,"EGGPLANT, AFRICAN"
DURIO ZIBETHINUS MURRAY,DURIAN
TAMARINDUS INDICA L.,TAMARIND
DIMOCARPUS LONGAN LOUR LONG,LONGAN
CARYOCAR NUCIFERUM L.,SOUARI NUT *
PYRUS COMMUNIS L.,PEAR
MANILKARA ACHRAS (MILL) FOS,SAPODILLA
LANSIUM DOMESTICUM CORR.,LANGSAT
PRUNUS CERASUS L.,"CHERRY, SOUR"
RUBUS IDAEUS L.,RED RASPBERRY
RUBUS OCCIDENTALIS L.,BLACK RASPBERRY *
PASTINACA SATIVA L.,PARSNIP
BRASSICA NAPUS L. NAPOBRAS.,RUTABAGA *
FAGOPYRUM ESCULENTUM MOENCH,COMMON BUCKWHEAT *
FAGOPYRUM TATARICUM,TARTARY BUCKWHEAT *
CUCUMIS ANGURIA L.,WEST INDIAN GHERKIN
CUCURBITA MIXTA PANG.,WINTER SQUASH
PHYSALIS PERUVIANA L. V ED,GOLDENBERRY
CORIANDRUM SATIVUM L.,CORIANDER *
LESPEDEZA CUNEATA (DUM) G.,SERICEA *
FICUS CARICA L.,COMMON FIG *
DIOSPYROS DIGYNA JAXQ.,BLACK SAPOTE
DIOSPYROS KAKI L.F.,KAKI *
CRAMBE ABYSSINICA (HOCHST),CRAMBE *
CRAMBE MARITIMA L.,SEAKALE *
AVENA STERILIS L.,STERILE OAT *
FESTUCA OVINA L.,SHEEP FESCUE *
BROMUS CARINATUS HOOK.&ARN.,MOUNTAIN BROME
BROMUS MARGINATUS NEES.,MOUNTAIN BROMEGRASS *
CENCHRUS PENNISETIFORMIS H.,WHITE BUFFEL GRASS *
CYMBOPOGON FLEXUOSUS (NEES),MALABAR LEMONGRASS *
ANNONA CHERIMOLIA MILLER,CHERIMOYA
ANNONA RETICULATA L.,BULLOCK'S HEART
CARICA PUBESCENS LENNE & K.,MOUNTAIN PAPAYA *
ERIOBOTRYA JAPONICA LINDLEY,LOQUAT
EUGENIA MALACCENSIS L.,POMERAC
MAMMEA AMERICANA L.,MAMMEY APPLE
AVERRHOA CARAMBOLA L.,CARAMBOLA
CARISSA MACROCARPA (ECKL.),NATAL-PALM *
FLACOURTIA INDICA (BURM.F.),GOVERNORS PLUM
DOVYALIS CAFFRA (HOOK.F.&H),KEI-APPLE *
DOVYALIS HEBECARPA WARB.,KATEMBILLA
GENIPA AMERICANA L.,GENIPA
DIGITARIA PENTZII STENT,WOOLLY FINGER GRASS *
EHRHARTA CALYCINA SM.,VELDTGRASS *
ERAGROSTIS CHLOROMELAS STE.,BOER LOVE GRASS *
ERAGROSTIS LEHMANNIANA NEES,LEHMANN LOVE GRASS
ERAGROSTIS TEF (ZUCC.) TROT,TEFF *
HETEROPOGON CONTORTUS (L.),BLACK SPEAR GRASS
PASPALUM PLICATULUM MICHAUX,PLICATULUM *
THEMEDA TRIANDRA FORSK.,RED OAT GRASS *
UROCHLOA MOSAMBICENSIS (H.),SABI GRASS
VETIVERIA ZIZANIOIDES (L.),VETIVER GRASS
MELILOTUS INDICA (L.) ALL.,INDIAN MELILOT *
DESMODIUM HETEROCARPON L.DC,CARPON DESMODIUM *
DESMODIUM OVALIFOLIUM,DESMODIUM OVALIFOLIUM *
DESMODIUM SANDWICENSE E.ME.,SPANISH CLOVER
MEDICAGO FALCATA L.,SICKLE MEDICK *
MEDICAGO VARIA MARTYRN.,VARIEGATED ALFALFA *
TRIFOLIUM SEMIPILOSUM FRES.,KENYA WHITE CLOVER *
VIGNA LUTEOLA (JACQ.) BENTH,DALRYMPLE VIGNA *
HORDEUM BULBOSUM L.,BULBOUS BARLEY *
CASUARINA STRICTA AITON,DROOPING SHEOAK
CASUARINA CUNNINGHAMIANA M.,RIVER SHEOAK
ZIZIPHUS MAURITIANUS LAMK.,INDIAN JUJUBE
MYRISTICA FRAGRANS HOUTT.,NUTMEG
CAPSICUM BACCATUM L.V PEND.,PIMENTCHIEN *
CAPSICUM CHINENSE JACQ,AJI *
CAPSICUM PUBESCENS RU.& PA.,GOAT CHILI *
OCIMUM BASILICUM L.,BASIL *
LAURUS NOBILIS L.,SWEET BAY *
BORAGO OFFICINALIS L.,BORAGE *
SANGUISORBA MINOR,BURNET *
ORIGANUM VULGARE L.,OREGANO *
ORIGANUM CRETICUM L.,POT MARJORAM *
SALVIA OFFICINALIS L.,SAGE *
SALVIA SCLAREA L.,CLARY SAGE *
SATUREIA HORTENSIS L.,SUMMER SAVORY *
CEIBA PENTANDRA (L.) GAERTN,KAPOK
BERTHOLLETIA EXCELSA H.& B.,BRAZIL NUT
TRITICUM DIOCOCCON SCHRANK,EMMER *
TRITICUM COMPACTUM HOST,"WHEAT, CLUB *"
CHENOPODIUM PALLIDICAULE H.,CANIHUA
FAGOPYRUM EMARGINATUM,FAGOPYRUM EMARGINATUM *
CINCHONA OFFICINALIS L.,QUININE
CITRUS MEDICA L.,CITRON
PHORMIUM TENAX FORST.,NEW ZEALAND FLAX *
CYPERUS ESCULENTUS L.,CHUFA *
RUMEX CRISPUS L.,RUMEX CRISPUS *
ATRIPLEX CANESCENS (PURSH.),FOURWING SALTBUSH *
EUCALYPTUS VIMINALIS LABILL,MANNA GUM
RUBUS OCCIDENTALIS X IDAEUS,PURPLE RASPBERRY *
NICOTIANA SPP,ORIENTAL TOBACCO *
MALPIGHIA GLABRA L.,BARBADOS CHERRY
MYRCIARIA CAULIFLORA (MART),JABOTICABAS *
ANTHYLLIS VULNERARIA L.,KIDNEY VETCH *
ARTEMISIA ABROTANUM L.,SOUTHERNWOOD *
CAPPARIS DECIDUA (FORSK.),KURREL
CINCHONA CALISAYA WEDD.,QUININE (CALISAYA)
CINCHONA LEDGERIANA MOENS,YELLOW QUININE
CINCHONA PUBESCENS VAHL,RED QUININE
NICOTIANA RUSTICA L.,NICOTINE TOBACCO
ASTREBLA PECTINATA (LINDL.),BARLEY MITCHELL GRASS *
ASTREBLA LAPPACEA (LINDL.),CURLY MITCHELL GRASS *
ASTREBLA ELYMOIDES F. MUELL,HOOP MITCHELL GRASS *
ASIMINIA TRILOBA (L.) DUNAL,CUSTARD BANANA
CANNA EDULIS KER-GAWLER,EDIBLE CANNA
SPONDIAS CYTHEREA SONN.,AMBARELLA
CHRYSOPHYLLUM CAINITO L.,STARAPPLE *
EUGENIA CUMINI (L.) DRUCE,JAVA PLUM
MONSTERA DELICIOSA LIEBM.,MONSTERA
SPONDIAS PURPUREA L.,RED MOMBIN
LEPTOCHLOA FUSCA (L.) KUNTH,BLACK SWAMP GRASS *
MEDICAGO LUPULINA L.,BLACK MEDIC *
MEDICAGO ORBICULARIS (L) B.,BUTTONCLOVER *
MEDICAGO POLYMORPHA L.,BURR MEDIC *
ORNITHOPUS ROSEUS DUFOUR,SERRADELLA *
TRIFOLIUM NIGRESCENS VIV.,BALL CLOVER *
INGA EDULIS VON MARTIUS,ICE-CREAM BEAN *
EUCALYPTUS DALRYMPLEANA MA.,MOUNTAIN GUM
EUCALYPTUS FASTIGATA D.& M.,BROWN BARREL
EUCALYPTUS MACULATA HOOK.,SPOTTED GUM
EUCALYPTUS NITENS (DE & MA),SHINING GUM
EUCALYPTUS REGNANS F.MUELL.,MOUNTAIN ASH
EUCALYPTUS UROPHYLLA S.T.B.,AMPUPU
PAULOWNIA TOMENTOSA STEUD.,KIRI *
CORYLUS MAXIMA,GIANT HAZELNUT
PACHYRRHIZUS AHIPA (WED.)P.,AHIPA *
POUTERIA LUCUMA,LUCUMA
INGA FEUILLEI DE CANDOLLE,PACAY *
ELAEIS OLEIFERA,AMERICAN OIL PALM *
PINUS EXCELSA WALL.,BLUE PINE *
HYMENODICTYON EXCELSUM WALL,BHORSAL *
QUERCUS INCANA ROXB.,GREY OAK *
QUERCUS DILATATA LINDL.,GREEN OAK *
QUERCUS SEMECARPIFOLIA SMI.,BROWN OAK *
QUERCUS LANUGINOSA DON.,WOOLLY OAK *
ABIES PINDROW SPACH.,WEST HIMALAYAN FIR *
PICEA MORIDA LINK.,WEST HIMALAYAN SPRUCE *
AXONOPUS SCOPARIUS (FLUGGE),IMPERIAL *
MUSA BALBISIANA COLLA,PLANTAIN BANANAS
PIMPINELLA ANISUM L.,ANISE
THEOBROMA GRANDIFLORUM (SP),BRAZILIAN CACAO *
THEOBROMA BICOLOR HUMB. ET,CACAO BLANCO *
ACORUS CALAMUS L.,SWEET FLAG *
ZOSTERA MARINA,EELGRASS
QUERCUS VIRGINIANA,VIRGINIA LIVE OAK *
AESCHYNOMENE FALCATA (P.)DC,JOINT VETCH *
SPONDIAS MOMBIN L.,HOG PLUM *
PYRUS PYRIFOLIA (BURM. F.),SAND PEAR *
SOLANUM INSTRUSUM,SUNBERRY
SOLANUM HYPORHODIUM A.BR.&B,COCONA *
ERAGROSTIS CILIANENSIS (A.),GREY LOVE GRASS *
PAPAVER BRACTEATUM LINDL.,SCARLET POPPY *
ZOYSIA MATRELLA (L) MERRILL,MANILA GRASS *
VITIS ROTUNDIFOLIA MICHX.,MUSCADINE GRAPE *
VITIS LABRUSCA L.,FOX GRAPE *
QUERCUS ILEX L.,HOLM OAK *
BOUTELOUA CURTIPENDULA (M.),SIDE-OATS GRAMA *
CAMPANULA RAPUNCULUS L.,RAMPION *
CARUM CARVI L.,CARAWAY *
CHRYSANTHEMUM COCCINEUM W.,PERSIAN INSECT FLOWER *
CORYLUS COLURNA L.,TURKISH HAZEL *
CROCUS SATIVUS L.,SAFFRON *
CYNODON NLEMFUENSIS VANDER.,AFRICAN STAR GRASS *
ECHINOCHLOA COLONA (L) LINK,JUNGLE RICE *
ORYZA SATIVA L. S. JAPONICA,RICE PADDY (JAPONICA)
ORYZA SATIVA L. S. JAPONICA,RICE UPLAND (JAPONICA)
ORYZA SATIVA S. JAVANICA,BULU RICE (JAVANICA)
LUPINUS COSENTINII GUSS.,SAND PLAIN LUPIN
SORGHUM BICOLOR (L.) MOENCH,SORGHUM (MED. ALTITUDE)
POLYMNIA SONCHIFOLIA P.& E.,YACON
EUCALYPTUS GLOBULUS MAIDEN.,MAIDEN'S GUM
EUCALYPTUS GLOBULUS PSEUDO.,GIPPSLAND BLUE GUM
EUCALYPTUS GLOBULUS BICOST.,SOUTHERN BLUE GUM
EUGENIA GUSTAVIOIDES BAILEY,GREY SATINASH *
BRACHYCHITON ACERIFOLIUS F.,FLAME TREE *
CASUARINA JUNGHUHNIANA MIQ.,JEMARA *
CLAVICEPS PURPUREA (FR.)TUL,ERGOT *
CATHARANTHUS ROSEUS (L.) G.,PERIWINKLE
VALERIANA OFFICINALS L.,VALERIAN *
LAVANDULA ANGUSTIFOLIA MILL,TRUE LAVENDER *
LAVANDULA INTERMEDIA EMERI.,HYBRID LAVENDER *
LAVANDULA LATIFOLIA (L.F.),SPIKE LAVENDER
LAVANDULA DENTATA,FRENCH LAVENDER *
DIGITALIS LANATA EHRH.,"FOXGLOVE, GRECIAN *"
CNICUS BENEDICTUS L.,BLESSED THISTLE *
MATRICARIA RECUTITA L.,GERMAN CAMOMILE *
MARRUBIUM VULGARE L.,HOREHOUND *
SAGITTARIA SAGITTIFOLIA L.,ARROWHEAD *
BURSERA SIMARUBA SARG.,GUMBO LIMBO *
EUCALYPTUS BRASSIANA S.T.B.,CAPE YORK RED GUM *
TARCHONANTHUS CAMPHORATUS L,CAMPHOR BUSH *
CASUARINA FRASERIANA MIQ.,WEST AUSTRALIAN SHEOAK*
RUMEX OBTUSIFOLIUS L.,LENGUA DE VACA *
ACACIA AMPLICEPS B.R.MASLIN,SALT WATTLE *
ATRIPLEX GARDNERI,GARDNER SALTBUSH *
ACACIA JENNERAE MAIDEN,ACACIA JENNERAE *
ACACIA JENSENII MAIDEN,ACACIA JENSENII *
ACACIA MURRAYANA F. MUELL,SANDPLAIN WATTLE *
CASUARINA CAMPESTRIS MIQ.,CASUARINA CAMPESTRIS *
CASUARINA HUEGELIANA MIQ.,ROCK SHEOAK *
CASUARINA LITTORALIS SALISB,BLACK SHEOAK *
CASUARINA LUEHMANNII R.T.B,BULL OAK *
CASUARINA TORULOSA AITON,FOREST SHEOAK *
CASUARINA OBESA MIQ.,W.AUSTRAL.SWAMP SHEOAK*
ALNUS JAPONICA (THUNB.) ST.,JAPANESE ALDER
DESMODIUM GYROIDES (ROXB.),KARIKUT-RITKUT *
ERYTHRINA VARIEGATA L.,CHINA CORAL TREE *
MUSA ACUMINATA X M. BALBIS.,BANANA
TREMA ORIENTALIS (L.) BLUME,CHARCOAL TREE
VITEX PARVIFLORA A. JUSS.,MOLAVE *
ARAUCARIA BIDWILLII HOOK.,BUNYA PINE *
CALLITRIS MACLEAYANA (F.MU),BRUSH CYPRESS PINE
CALLITRIS PREISSII MIQ. PRE,ROTTNES ISLAND PINE *
CALLITRIS PREISSII MIQ. MUR,MURRAY PINE *
CALLITRIS PREISSII MIQ. VER,MALLEE PINE *
PODOCARPUS ELATUS R. BR.,BROWN PINE *
LIVISTONA AUSTRALIS (R.BR),CABBAGE-TREE PALM *
ARCHONTOPHOENIX CUNNINGHAM.,BANGALOW PALM *
CERATOPETALUM APETALUM D.D.,COACHWOOD *
SLOANEA WOOLLSII F. MUELL.,YELLOW CARABEEN *
NOTHOFAGUS MOOREI (F.MUELL),NEGROHEAD BEECH *
DYSOXYLUM FRASERANUM (A.J.),ROSEWOOD *
TOONA AUSTRALIS (F. MUELL.),RED CEDAR *
ACACIA ACUMINATA BENTH.,RASBERRY JAM *
ACACIA ANEURA F. MUELL.,MULGA *
GEISSOIS BENTHAMIANA F.MUEL,RED CARABEEN *
SCHIZOMERIA OVATA D. DON.,CRABAPPLE *
ELAEOCARPUS GRANDIS F.MUELL,SILVER QUANDONG *
CRYPTOCARYA ERYTHROXYLON M.,ROSE MAPLE *
ACACIA AULACOCARPA CUNN.,BROWN SALWOOD *
ACACIA DEALBATA LINK,SILVER WATTLE *
ACACIA HARPOPHYLLA F.MUELL.,BRIGALOW *
DORYPHORA SASSAFRAS ENDL.,SASSAFRAS *
FICUS MACROPHYLLA DESF.,MORETON BAY FIG *
ACMENA SMITHII (POIRET) ME.,LILLY PILLY *
ANGOPHORA COSTATA (GAERTN.),SMOOTH-BARKED APPLE *
ANGOPHORA FLORIBUNDA (SMI.),ROUGH-BARKED APPLE *
EUCALYPTUS TESSELLARIS F.M.,CARBEEN *
EUCALYPTUS PAPUANA F. MUELL,GHOST GUM *
EUCALYPTUS POLYCARPA F.MUEL,LONG-FRUITED BLOODWOOD*
EUCALYPTUS INTERMEDIA R.BA.,PINK BLOODWOOD *
EUCALYPTUS CALOPHYLLA R.BR.,MARRI *
EUCALYPTUS GUMMIFERA (SOL.),RED BLOODWOOD *
EUCALYPTUS NESOPHILA BLAKEL,MELVILLE IS. BLOODWOOD*
EUCALYPTUS TETRODONTA F.MU.,DARWIN STRINGYBARK *
EUCALYPTUS PHOENICEA F.MUEL,SCARLET GUM *
EUCALYPTUS PATENS BENTH.,W. AUSTRAL. BLACKBUTT *
EUCALYPTUS MARGINATA DONN,JARRAH *
EUCALYPTUS JACKSONII MAIDEN,RED TINGLE *
EUCALYPTUS UMBRA SSP UMBRA,BRO.-L. WHITE MAHOGANY*
EUCALYPTUS UMBRA SSP CARNEA,BRO.-L. WHITE MAHOGANY*
EUCALYPTUS MUELLERANA A.HO.,YELLOW STRINGYBARK *
EUCALYPTUS AGGLOMERATA MAI.,BLUE-LEAV. STRINGYBARK*
EUCALYPTUS EUGENIOIDES SIE.,THIN-LEAV. STRINGYBARK*
EUCALYPTUS NIGRA R. BAKER,QUEENSLAND STRINGYBARK*
EUCALYPTUS PILULARIS SMITH,BLACKBUTT *
EUCALYPTUS PLANCHONIANA F.,NEEDLEBARK STRINGYBARK*
EUCALYPTUS OREADES R. BAKER,BLUE MOUNTAINS ASH *
EUCALYPTUS CONSIDENIANA MA.,YERTCHUK *
EUCALYPTUS PAUCIFLORA SIEB.,SNOW GUM *
EUCALYPTUS FRAXINOIDES DEA.,WHITE ASH *
EUCALYPTUS DIVERSICOLOR F.M,KARRI *
EUCALYPTUS PULCHELLA DESF.,WHITE PEPPERMINT *
EUCALYPTUS RADIATA SSP. RAD,NARROW-L. PEPPERMINT *
EUCALYPTUS RADIATA SSP. ROB,NARROW-L. PEPPERMINT
EUCALYPTUS ELATA DEHNH.,RIVER PEPPERMINT *
EUCALYPTUS GUILFOYLEI MAID.,YELLOW TINGLE *
EUCALYPTUS SIDEROXYLON CUN.,RED IRONBARK (TRICARP.)
EUCALYPTUS PUNCTATA DC.,GREY GUM *
EUCALYPTUS LONGIFOLIA LINK,WOOLLYBUTT *
EUCALYPTUS CORNUTA LABILL.,YATE *
EUCALYPTUS ASTRINGENS MAID.,BROWN MALLET *
EUCALYPTUS WANDOO BLAKELY,WANDOO *
EUCALYPTUS ACCEDENS W.FITZG,POWDERBARK WANDOO *
EUCALYPTUS SALUBRIS F.MUELL,GIMLET *
EUCALYPTUS LOXOPHLEBA BENTH,YORK GUM *
EUCALYPTUS TRANSCONTIENTAL.,REDWOOD *
EUCALYPTUS DUMOSA CUNN.,WHITE MALLEE *
EUCALYPTUS RUDIS ENDL.,SWAMP GUM *
EUCALYPTUS EXSERTA F. MUELL,QUEENSLAND PEPPERMINT *
MELALEUCA LANCEOLATA OTTO,MOONAH *
SYNCARPIA GLOMULIFERA (SM.),TURPENTINE *
TRISTANIA CONFERTA R.BR.,BRUSH BOX *
CASTANOSPERMUM AUSTRALE CU.,BLACK BEAN *
ERYTHRINA VESPERTILIO BENTH,GREY CORKWOOD *
BANKSIA INTEGRIFOLIA L. F.,WHITE HONYSUCKLE
DIPLOGLOTTIS CUNNINGHAMII H,TAMARIND *
ARGYRODENDRON ACTINOPHYLLUM,BLUSH TULIP OAK * (ACT)
EUCALYPTUS QUADRANGULATA D.,WHITE-TOPPED BOX *
EUCALYPTUS POPULNEA F.MUELL,POPLAR BOX *
EUCALYPTUS THOZETIANA F.MU.,MOUNTAIN YAPUNYAH *
EUCALYPTUS MOLUCCANA ROXB.,GREY BOX *
EUCALYPTUS MICROCARPA (MA.),INLAND GREY BOX *
EUCALYPTUS ALBENS BENTH.,WHITE BOX *
EUCALYPTUS BOSISTOANA F.MU.,COAST GREY BOX *
EUCALYPTUS POLYANTHEMOS SC.,RED BOX *
EUCALYPTUS LEUCOXYLON F. MU,YELLOW GUM *
ARUNDINELLA HIRTA (THUNB) K,ARUNDINELLA HIRTA *
ERAGROSTIS PILOSA L. BEAUV.,ERAGROSTIS PILOSA *
AGATHIS AUSTRALIS (D. DON),KAURI *
ACACIA PACHYACRA MAIDEN & B,ACACIA PACHYACRA *
ACACIA VICTORIAE BENTH.,PRICKLY WATTLE *
ACACIA SYNCHRONICIA MASLIN,ACACIA SYNCHRONICIA *
ACACIA ANTICEPS TIND,ACACIA ANTICEPS *
ACACIA PARCHCARPA F. MUELL.,ACACIA PARCHCARPA *
ACACIA PRUINOCARPA TINDALE,BLACK GIDGEE *
ACACIA CORIACEA DC.,WIREWOOD *
ACACIA DICTYOPHLEBA F.MUELL,ACACIA DICTYOPHLEBA *
ACACIA MACONOCHIEANA PEDLEY,ACACIA MACONOCHIEANA *
ACACIA STENOPHYLLA A. CUNN.,RIVER COOBA *
ACACIA ACRADENIA F. MUELL.,ACACIA ACRADENIA *
ACACIA AMMOBIA MACCONOCHIE,ACACIA AMMOBIA *
ACACIA ANCISTROCARPA MAID.,FITZROY WATTLE *
ACACIA ARGYRODENDRON DOMIN.,BLACK GIDYEA *
ACACIA BURROWII MAIDEN,BURROWS WATTLE *
ACACIA CALCICOLA FORDE&ISI.,GREY MYALL *
UAPACA KIRKIANA MUELL.-ARG.,MASUKU *
ACACIA FALCIFORMIS DC.,BROAD-LEAVED HICKORY *
ACACIA GLAUCOCARPA MAIDEN,ACACIA GLAUCOCARPA *
ACACIA IRRORATA SIEB. EX S.,GREEN WATTLE *
ACACIA JULIFERA BENTH.(JUL),ACACIA JULIFERA (JUL) *
ACACIA LATZII MASLIN.,LATZS WATTLE *
ACACIA LIGULATA A. CUNN.,SANDHILL WATTLE *
ACACIA MACDONNELLIENSIS MA.,IRRARA *
ACACIA MAIDENII F. MUELL.,MAIDENS WATTLE *
ACACIA NERIIFOLIA CUNN.,OLEANDER WATTLE *
ACACIA PODALYRIIFOLIA A. C.,QUEENSL. SILVER WATTLE*
HIBISCUS SABDARIFFA L.V AL.,ROSELLE (ALTISSIMA)
ACACIA XIPHOHYLLA E. PRITZ.,SNAKEWOOD *
ALBIZIA LOPHANTHA (WILLD.),CRESTED WATTLE *
ALPHITYONIA EXCELSA (FREN.),RED ASH *
ATALAYA HEMIGLAUCA (F. MU.),WHITE WOOD *
CALLITRIS ENDLICHERI (PAR.),BLACK CYPRESS PINE *
DODONAEA VISCOSA JACQ.,GIANT HOPBUSH *
DODONAEA VISCOSA SSP ANGUS.,GIANT HOPBUSH *
EUCALYPTUS GONGYLOCARPA BL.,DESERT GUM *
EUCALYPTUS OCHROPHLOIA F.M.,YAPUNYAH *
EUCALYPTUS OXYMITRA BLAKELY,SHARP-CRAPPED MALLEE *
EUCALYPTUS SOCIALIS F. MUE.,RED MALLEE *
MELALEUCA BRACTEATA F.MUEL.,RIVER TEA-TREE *
MELIA AZEDARACH V AUSTRAL.,WHITE CEDAR *
SYNCARPIA HILLII BAILEY.,SATINAY *
VENTILAGO VIMINALIS HOOK,SUPPLEJACK *
TAMARIX CHINENSIS LOUR.,TAMARISK (CHINESE) *
CASUARINA CAMPESTRIS (DIEL),CASUARINA CAMPESTRIS
EUCALYPTUS TRIVALVIS BLAKE.,VITORIA SPRING MALLEE *
CHAMAEROPS HUMILIS L.,DWARF FAN PALM *
XANTHOSOMA BRASILIENSE ENGL,BELEME *
PRUNUS SALICINA LINDLEY,"PLUM, JAPANESE *"
MACADAMIA TETRAPHYLLA,MACADEMIA NUT *
BRASSICA RAPA L. GAISIN GR.,CAISIN *
BRASSICA RAPA L. PAK CHOI,PAK CHOI
CHRYSANTHEMUM CORONARIUM L.,GARLAND CHRYSANTHEMUM *
MUSA HALABANENSIS MEIJER,BANANA *
PORTULACA OLERACEA L.,PURSLANE *
PORTULACA QUADRIFIDA L.,"PURSLANE, SINGLE-FLOW."
AURICULARIA SPP.,JEW'S EAR *
EICHHORNIA CRASSIPES (MAR.),WATER HYACINTH
QUERCUS LAMELLOSA SMITH,BUK OAK *
QUERCUS LINEATA BLUME,PASANG BATU *
LATHYRUS CICERA L.,FLAT-TOPPED VETCHLING *
LATHYRUS OCHRUS (L.) D.C.,OCHRUS VETCH *
MEDICAGO TRUNCATULA GAERTN.,ALEPPO CLOVER *
MEDICAGO LITTORALIS RHODE,STRAND MEDIC *
MEDICAGO LACINIATA (L) MIL.,CUT LEAF MEDIC *
MEDICAGO RUGOSA DESR.,SNAIL CLOVER *
MEDICAGO MINIMA (L.) BART.,GOLDFIELDS MEDIC *
MEDICAGO TORNATA (L) MILL.,LUZERNE ESCARGOT *
MEDICAGO RIGIDULA (L.) ALL.,TIFTON MEDICK *
MEDICAGO TURBINATA (L.) ALL,COGWHEEL MEDICK *
MEDICAGO INTERTEXTA (L) MI.,CALVARY MEDIC *
HEDYSARUM PALLIDUM DESF.,SULLA PALE *
HEDYSARUM CARNOSUM DESF.,SULLA ROSE *
HEDYSARUM FLEXUOSUM L.,SULLA ANNUEL *
HEDYSARUM SPINOSISSIMUM L.,SULLA EPINEUX *
TRIFOLIUM CHERLEI L.,CUPPED CLOVER *
TRIFOLIUM PILULARE BOISS.,TRIFOLIUM PILULARE *
TRIFOLIUM TOMENTOSUM,WOLLY TREFOIL *
PHYLLANTHUS EMBLICA L.,EMBLIC MYROBALAN *
HIPPOPHAE RHAMNOIDES L.,SEA BUCKTHORN *
HIPPOPHAE SALICIFOLIA D. D.,SEA BUCKTHORN *
CITROFORTUNELLA (X) MICROC.,CALAMONDIN *
EUGENIA DOMBEYI (S.) SKEELS,GRUMICHAMA *
FORTUNELLA HINDSII (C.) SW.,HONG KONG WILD KUMQUAT*
FORTUNELLA JAPONICA (T.) S.,ROUND KUMQUAT *
FORTUNELLA MARGARITA (L) S.,OVAL KUMQUAT *
MALUS DOMESTICA BORKH.,APPLE
PRUNUS MUME SIEBOLD & ZUCC.,"APRICOT, JAPANESE *"
EUGENIA JAVANICA LAMK.,JAVA APPLE *
ALOE BARBADENSIS MILLER,"ALOE, BARBADOS *"
DICHANTHIUM SERICEUM R.BR.,"BLUE GRASS, QUEENSLAND*"
CHLORIS ROXBURGHIANA SCHULT,HORSETAIL GRASS *
ORYZA SATIVA L. S. INDICA,"RICE, PADDY (INDICA)"
SORGHUM BICOLOR (L.) MOENCH,SORGHUM (LOW ALTITUDE)
GLYCINE MAX (L.) MERRILL,SOYABEAN
HEVEA BRASILIENSIS (WILLD.),RUBBER *
XANTHOSOMA SAGITTIFOLIUM L.,TANNIA
ABELMOSCHUS ESCULENTUS (L.),"OKRA, LADY FINGERS"
HIBISCUS CANNABINUS L.,KENAF
HIBISCUS SABDARIFFA L.V SA.,ROSELLE (SABDARIFFE)
ANANAS COMOSUS (L) MERR.,PINEAPPLE
HELIANTHUS ANNUUS L V MACRO,SUNFLOWER
CORCHORUS CAPSULARIS L.,WHITE JUTE
AGAVE SISALANA PERRINE,SISAL
PHOENIX DACTYLIFERA L.,DATE PALM
CERATONIA SILIQUA L.,CAROB
CORCHORUS OLITORIUS L.,LONG-FRUITED JUTE
TECTONA GRANDIS L.F.,TEAK *
PERSEA AMERICANA MILL.,AVOCADO * (MEXICAN)
ENSETE VENTRICOSUM (WELW.),ENSET *
PSIDIUM GUAJAVA L.,GUAVA
MUSA TEXTILIS NEE,ABACA *
BLIGHIA SAPIDA KOENIG,AKEE *
ALBIZIA FALCATARIA (L.) FO.,BATAI *
PASSIFLORA EDULIS V EDULIS,PURPLE PASSIONFRUIT *
CANAVALIA ENSIFORMIS (L) DC,JACK BEAN
KERSTINGIELLA GEOCARPA HAR.,HAUSA GROUNDNUT *
VIGNA UMBELLATA (THUNB.),RICE BEAN *
CANAVALIA GLADIATA (JACQ)DC,SWORD BEAN
PISTACIA VERA L.,PISTACHIO NUT *
MARANTA ARUNDINACEA L.,ARROWROOT *
ACACIA NILOTICA (L.) WILLD.,BABUL *
ANDROPOGON GAYANUS KUNTH,GAMBA GRASS
BRACHIARIA DECUMBENS STAPF,SURINAM GRASS
BRACHIARIA MUTICA (FOR.) ST,PARA GRASS
COIX LACRYMA-JOBI L.,JOB`S TEARS
DACTYLOCTENIUM AEGYPTIUM L.,CROWFOOT GRASS *
MELINIS MINUTIFLORA BEAUV.,MOLASSES GRASS
PANICUM COLORATUM L.,COLOURED GUINEA GRASS *
PANICUM MAXIMUM JACQ.,GUINEA GRASS
PENNISETUM PURPUREUM SCHUM.,ELEPHANT GRASS
SORGHUM X ALMUM PARODI,COLUMBUS GRASS
STENOTAPHRUM SECUNDATUM (W),ST AUGUSTINE GRASS *
ACACIA FARNESIANA (L) WILLD,HUISACHE *
LEUCAENA LEUCOCEPHALA (LA.),LEUCAENA
CENTROSEMA PUBESCENS BENTH.,CENTRO *
DESMODIUM INTORTUM (MILL) U,GREENLEAF DESMODIUM
DESMODIUM UNCINATUM (J.) DC,SILVERLEAF DESMODIUM
HAGENIA ABYSSINICA (BRUCE),CUSSO *
GLYCINE WIGHTII ARN.,PERENNIAL SOYBEAN
PUERARIA PHASEOLOIDES (R.),TROPICAL KUDZU
STYLOSANTHES GUIANENSIS GUI,BRAZILIAN LUCERNE
STYLOSANTHES HUMILIS H.B.K.,TOWNSVILLE LUCERNE
DESMODIUM INCANUM (SW) DC,KAIMI CLOVER
LOTONONIS BAINESII BAKER,LOTONONIS *
ACACIA ALBIDA DEL.,WINTER THORN *
ACACIA AURICULIFORMIS A.CU.,TAN WATTLE
ACACIA CYCLOPS A. CUNN.,ROOIKRANS *
ACACIA MANGIUM WILLD.,MANGIUM *
ACACIA PENDULA A. CUNN.,MYALL *
ACACIA SALICINA LINDL.,COOBA *
ACACIA SENEGAL (L.) WILLD.,GUM ARABIC TREE *
ALBIZIA LEBBECK (L.) BENTH.,EAST INDIAN WALNUT *
ALNUS ACUMINATA O. KUNTZE,ALDER *
ALNUS NEPALENSIS D. DON,NEPALESE ALDER *
ANTHOCEPHALUS CHINENSIS LAM,KADAM *
ARAUCARIA ANGUSTIFOLIA BER.,PARANA PINE *
ARAUCARIA CUNNINGHAMII AIT.,HOOP PINE *
ARAUCARIA HUNSTEINII K.SCH.,KLINKII PINE *
AZADIRACHTA INDICA A. JUSS.,NEEM *
BOMBACOPSIS QUINATA (JACQ.),POCHOTE *
BRACHYCHITON POPULNEUS (S.),KURRAJONG *
BUTYROSPERMUM PARADOXUM (G),SHEA BUTTER TREE *
CALLIANDRA CALOTHYRSUS MEI.,CALLIANDRA *
CARINIARIA PYRIFORMIS MIERS,ABARCO *
CASSIA SIAMEA LAM.,YELLOW CASSIA *
CASUARINA EQUISETIFOLIA L.,COAST SHEOAK
CEDRELA ODORATA L.,WEST INDIAN CEDAR *
CHLOROPHORA EXCELSA (WELW.),AFRICAN OAK *
CLEISTOPHOLIS GLAUCA PIERRE,OVOK *
COLOPHOSPERMUM MOPANE (KI.),BUTTERFLY TREE *
CONOCARPUS LANCIFOLIUS ENGL,DAMAS *
CORDIA ALLIODORA (RUIZ&PA.),LAUREL *
CUPRESSUS LUSITANICA MILL.,MEXICAN CYPRESS *
CUPRESSUS TORULOSA DON,BHUTAN CYPRESS *
DALBERGIA SISSOO ROXB.,SISSOO *
ACACIA SEYAL DEL.,SHITTIM WOOD *
EUPHORBIA TIRUCALLI L.,RUBBERHEDGE EUPHORBIA *
GLIRICIDIA SEPIUM (JACQ.) K,MOTHER OF COCOA *
PANDANUS JULIANETTII MARTEL,KARUKA *
DIOSCOREA ESCULENTA (L.) B.,LESSER YAM
DIOSCOREA ALATA L.,GREATER YAM
GMELINA ARBOREA ROXB.,YEMANE *
HIERONYMA CHOCOENSIS CUATR.,MASCAREY *
KHAYA SENEGALENSIS (DESR.),AFRICAN MAHOGANI *
MELALEUCA LEUCADENDRON L.,LONG-LEAVED PAPERBARK *
MUSANGA CECROPIOIDES R.BR.,UMBRELLA TREE *
NAUCLEA DIDERRICHII (DE W.),OPEPE *
PELTOPHORUM PTEROCARPUM DC,YELLOW FLANE *
PERICOPSIS ELATA (HARMS) M.,AFRORMOSIA *
PROSOPIS CHILENSIS (MOL.),ALGARROBO BLANCO *
PROSOPIS CINERARIA (L.) DR.,JAND
PROSOPIS JULIFLORA (SW.)DC.,MESQUITE *
PROSOPIS TAMARUGO F. PHIL.,TAMARUGO *
ROSEODENDRON DONN.-SMITHII,PRIMAVERA *
AFRAMOMUM MELEGUETA (ROS.),MELEGUETA-PEPPER *
NASTURTIUM SCHLECHTERI O.E,HIGHLAND CRESS *
SAMANEA SAMAN MERRILL,RAINTREE *
SESBANIA GRANDIFLORA (L.)P.,AGATI *
TABEBUIA ROSEA (BERTOL.)DC.,MAYFLOWER *
TERMINALIA IVORENSIS A.CHEV,IDIGBO *
TERMINALIA SUPERBA ENGL.&D.,AFARA *
TOONA CILIATA M.J. ROEM,TOONA *
TRIPLOCHITON SCLEROXYLON K.,AFRICAN WHITE WOOD *
IPOMOEA AQUATICA FOR. AQUA.,KANG KONG
THAUMATOCOCCUS DANIELLII B.,MIRACLE-FRUIT *
NELUMBO NUCIFERA GAERTN.,SACRED LOTUS
TELFAIRIA OCCIDENTALIS H.F.,FLUTED PUMPKIN *
SAMBUCUS CANADENSIS L.,EASTERN ELDERBERRY *
SAMBUCUS CERULEA NUTT.,WESTERN ELDERBERRY *
COLA NITIDA (VERT.) SCHOTT,"COLA-NUT, COMMERCIAL *"
OPUNITA FICUS-INDICA (L.) M,INDIANFIG *
CYDONIA OBLONGA MILL.,QUINCE *
ALOCASIA MACRORRHIZA (L) S,GIANT TARO *
AMORPHOPHALLUS CAMPANULATUS,ELEPHANT YAM *
HELIANTHUS TUBEROSUS L.,JERUSALEM ARTICHOKE *
CUCURBITA FICIFOLIA BOUCHE,FIG-LEAVED GOURD
TELFAIRIA PENDATA (S.EX S.),OYSTER NUT *
ELEOCHARIS DULCIS TRIN.,CHINESE WATER CHESTNUT*
DIOSCOREA BULBIFERA L.,POTATO YAM
DIOSCOREA DUMETORUM (K.) P.,BITTER YAM
DIOSCOREA OPPOSITA THUNB.,CHINESE YAM
DIOSCOREA ROTUNDATA POIR.,WHITE YAM
DIOSCOREA TRIFIDA L.,CHUSH-CHUSH YAM
COLEUS AMBOINICUS LOUR.,INDIAN BORAGE *
COLEUS PARVIFLORUS BENTH.,SUDAN POTATO *
SOLENOSTEMON ROTUNDIFOLIUS,HAUSA POTATO *
ARRACACIA XANTHORRHIZA BAN.,PERUVIAN CARROT *
LESPEDEZA STIPULACEA MAXIM.,KOREAN CLOVER *
LESPEDEZA STRIATA (THUNB.),JAPANESE CLOVER *
PUNICA GRANATUM L.,POMEGRANATE *
GUIZOTIA ABYSSINICA CASS.,NIGER-SEED (INDIAN)
BRACHIARIA RAMOSA (L.)STAPF,BROWNTOP MILLET *
BROMUS UNIOLOIDES KUNTH,RESCUE GRASS *
CHRYSOPOGON PLUMULOSUS HOCH,AUCHER'S GRASS *
BOTHRIOCHLOA BLADHII (RET.),AUSTRALIAN BLUESTEM *
ARISTIDA LATIFOLIA DOMIN,FEATHERTOP WIRE GRASS *
BRACHIARIA DURA STAPF,BRACHIARIA DURA *
BRACHIARIA RUZIZIENSIS G&E,KENNEDY RUZI GRASS *
BRACHIARIA SUPQUADRIPARA T.,CORI GRASS *
DICHANTHIUM ANNULATUM (F.),"BLUESTEM, DIAZ"
DICHANTHIUM ARISTATUM (PO.),"BLUESTEM, ANGLETON"
CENCHRUS BIFLORUS ROXB.,HASKANEIT *
CENCHRUS SETIGERUS VAHL,BIRDWOOD GRASS
ANNONA SQUAMOSA L.,SUGAR APPLE *
ANNONA DIVERSIFOLIA SAFF.,ILAMA *
ANNONA MONTANA MACFAD.,MOUNTAIN SOURSOP *
PASSIFLORA LIGULARIS JUSS.,SWEET GRANADILLA *
PSIDIUM CATTLEIANUM SABINE,"GUAVA, STRAWBERRY *"
PSIDIUM FRIEDRICHSTHALIANUM,"GUAVA, COSTA RICAN *"
NEPHELIUM MUTABILE BL.,PULASAN *
MELICOCCUS BIJUGATUS JACQ.,SPANISH LIME *
CYMBOPOGON NARDUS (L) V MAH,CITRONELLA GRASS *
DICHANTHIUM CARICOSUM (L.),NADI BLUE GRASS *
UROCHLOA OLIGOTRICHA (FIG.),DUBI GRASS *
CYMBOPOGON NARDUS (L) V LEN,FALSE CITRONELLA *
DIGITARIA DIDACTYLA WILLD.,SERAGOON GRASS *
DIGITARIA MILANJIANA (R.)S.,MILANJE GRASS *
POUTERIA SAPOTA (JACQ) H.M.,SAPOTE *
POUTERIA CAMPECHIANA (H.B.),CANISTEL *
ACACIA HOLOSERICEA A. CUNN,WAH-ROON *
AESCULUS INDICA GRIFF.,INDIAN HORSE CHESTNUT *
ARTOCARPUS ALTILIS (PARK.),BREADFRUIT
IMPERATA CYLINDRICA (L.) R.,BLADY GRASS *
AVERRHOA BILIMBI L.,BILIMBI *
CASIMIROA EDULIS LA LLAVE,MEXICAN APPLE *
BOTHRIOCHLOA INSCULPTA (A.),SWEET-PITTED GRASS *
ANTHEPHORA PUBESCENS NEES,WOOL GRASS *
PANICUM VIRGATUM L.,SWITCHGRASS *
DIPLACHNE FUSCA (L.) BEAUV.,BROWN BEETLE GRASS *
ECHINOCHLOA CRUS-GALLI (L),BARNYARD MILLET
ECHINOCHLOA FRUMENTACEA (R),JAPANESE MILLET *
ECHINOCHLOA TURNERIANA (D.),CHANNEL MILLET *
ECHINOCHLOA UTILIS OHWI-YA.,SHIROHIE MILLET *
ELEUSINE INDICA (L.) G. IN.,GOOSE GRASS *
ERAGROSTIS SUPERBA PEYR.,MASAI LOVE GRASS
ERIOCHLOA PUNCTATA (L) DESV,JANEIRO *
EREMOCHLOA OPHIUROIDES (M.),CENTIPEDE GRASS *
HILARIA JAMESII (TORR.) BE.,GALLETA GRASS *
HILARIA MUTICA (BUCKL.) BE.,TOBOSA GRASS *
HYPARRHENIA HIRTA (L) STAPF,TAMBOOKIE GRASS
ISCHAEMUM CILIARE RETZIUS,BATIKI BLUE GRASS
ISEILEMA LAXUM HACK.,MACHURI *
ISEILEMA MEMBRANACEUM (LI.),FLINDERS GRASS *
LOUDETIA SIMPLEX (NEES) C.,COMMON RUSSET GRASS *
ORYZOPSIS MILIACEA (L.) AS.,SMILOGRASS *
PANICUM COLORATUM L. V MAK.,MAKARIKARI GRASS *
PANICUM MAXIMUM JACQ. V TR.,GREEN PANIC *
PANICUM REPENS L.,TORPEDO GRASS *
PANICUM OBTUSUM,VINE MESQUITE *
PASPALUM DISTICHUM L.,SALT-WATER COUCH *
PASPALUM SCROBICULATUM L.,KODO MILLET *
PASPALUM URVILLEI STEUD.,VASEY GRASS *
PASPALUM WETTSTEINII HACK.,BROAD-LEAF PASPALUM *
PENNISETUM PEDICELLATUM TR.,ANNUAL KYASUWA GRASS *
PENNISETUM POLYSTACHION (L),MISSION GRASS *
PHRAGMITES AUSTRALIS (CAV.),COMMON REED *
PHRAGMITES KARKA (RETZ.) ST,PIT-PIT *
SPOROBOLUS AIROIDES TORR.,ALKALI SACATON *
THEMEDA QUADRIVALIS (L.) K.,HABANA OAT GRASS *
UROCHLOA PANICOIDES BEAUV.,LIVERSEED GRASS *
ZEA MEXICANA (SCHARD.) REE.,TEOSINTE
TRIFOLIUM ALEXANDRINUM L.,EGYPTIAN CLOVER *
ALYSICARPUS VAGINALIS L. DC,ALYCE CLOVER *
AESCHYNOMENE INDICA L.,BUDDA PEA *
CASSIA SENNA L.,ALEXANDRIAN SENNA *
CASSIA ROTUNDIFOLIA PERSOON,ROUNDLEAF CASSIA *
CENTROSEMA PASCUORUM BENTH.,CENTURION *
CENTROSEMA VIRGINIANUM L.B.,VIRGINIAN CENTRO *
DESMODIUM HETEROPHYLLUM W.D,HETERO *
INDIGOFERA HIRSUTA L.,HAIRY INDIGO *
INDIGOFERA SPICATA FORSK.,TRAILING INDIGO *
INDIGOFERA ARRECTA HOCHST.,NATAL INDIGO *
INDIGOFERA TINCTORIA L.,COMMON INDIGO *
MACROTYLOMA AXILLARE (E.M.),PERENNIAL HORSE GRAM
PSORALEA PATENS LINDL.,BULLAMON LUCERNE *
RHYNCHOSIA MINIMA (L.) DC,RHYNCHOSIA *
STYLOSANTHES GUIANENSIS INT,FINE STEM STYLO *
STYLOSANTHES SCABRA VOGEL,SHRUBBY STYLO *
VIGNA HOSEI (CRAIB) BACK.,VIGNA HOSEI *
VIGNA PARKERI BAKER,CREEPING VIGNA *
PASPALUM PLICATULUM M.V GL.,PLICATULUM GLABRUM *
FESTUCA ARUNDINACEA SCHREB.,TALL FESCUE *
ORYZOPSIS HOLCIFORMIS (M.B),RICEGRASS *
PANICUM TURGIDUM FORSK.,TURGID PANIC GRASS *
PHALARIS AQUATICA L.,BULB CANARYGRASS *
PHALARIS COERULESCENS DESF.,SUNOLGRASS *
SECALE MONTANUM GUSS.,MOUNTAIN RYE *
STIPA BARBATA DESF.,NEEDLER GRASS *
STIPA LAGASCAE ROEM.&SCHULT,FEATHER GRASS *
STIPA PARVIFLORA DESF.,FEATHER GRASS SMALL-F.*
ARISTIDA CILIATA DESF.,NISSI *
ARISTIDA OBTUSA DEL.,TRIPLE AWNED GRASS *
ARISTIDA RADDIANA SAVI.,NUSSI *
ARISTIDA PUNGENS DESF.,DRIN *
ARISTIDA LANATA FORSSK.,SHAFSHOOF AIN SEELA *
BRACHIARIA HUMIDICOLA (R) S,KORONIVIA GRASS *
EUGENIA AROMATICA KUNTZE,CLOVE *
QUERCUS SUBER L.,CORK OAK
TRIGONELLA FOENUM-GRAECUM L,FENUGREEK
PARTHENIUM ARGENTATUM GRAY,GUAYULE *
CINNAMOMUM VERUM PRESL.,CINNAMON *
CINNAMOMUM BURMANNII (C.G),INDONESIAN CASSIA *
CINNAMOMUM LOUREIRII NEES,SAIGON CASSIA *
PIMENTA DIOICA (L.) MERR.,PIMENTO *
CURCUMA DOMESTICA VAL.,TUMERIC *
ELETTARIA CARDAMOMUM L. MA.,CARDAMOM *
VANILLA PLANIFOLIA ANDREWS,VANILLA *
CITRUS AURANTIUM V BERGAMIA,BERGAMOT *
SATUREIA MONTANA L.,WINTER SAVORY *
AFRAMOMUM CORRORIMA (BRAUN),KORARIMA *
CUMINUM CYMINUM L.,CUMIN
NIGELLA SATIVA L.,BLACK CUMIN *
RUTA GRAVEOLENS L. V. BRAC.,COMMON RUE
TRACHYSPERMUM AMMI (L.) SP.,AMMI *
CATHA EDULIS (VAHL) ENDL.,QAT
JUNIPERUS PROCERA HOCHST.,AFRICAN PENCIL CEDAR *
LEPIDIUM SATIVUM L.,GARDEN CRESS *
BIXA ORELLANA L.,ANNATO *
PIMENTA RACEMOSA (MILL.) J.,BAY TREE *
POGOSTEMON CABLIN (BLANCO),PATCHOULI *
CANANGA ODORATA (LAM.) HO.,YLANG-YLANG *
CURCUMA ZEDOARIA (CHRISTM.),ZEDOARY *
ARENGA PINNATA (WURMB.)MERR,SUGAR PALM *
CHENOPODIUM AMBROSIOIDES L.,WORMSEED *
CROTALARIA BREVIDES BENTH.,SLENDERLEAF CROTALARIA*
CROTALARIA SPECTABILIS ROTH,SHOWY CROTALARIA *
CROTALARIA LANCEOLATA E.MEY,LANCELEAF CROTALARIA *
CROTALARIA PALLIDA AIT.,SMOOTH CROTALARIA *
MILIUSA VELUTINA (DUNAL) H.,BARI-KAI *
UNCARIA GAMBIR (HUNTER) RO.,GAMBIER *
CALAMUS CAESIUS BLUME,ROTAN SEGA *
ALEURITES MONTANA (LOUR.),MU-OIL-TREE *
DERRIS ELLIPTICA (ROXB) BE.,TUBA ROOT *
DIPTERYX ODORATA (AUBL) WI.,TONKA BEAN *
PACHYRRHIZUS TUBEROSUS (L.),POTATO BEAN *
PIPER BETLE L.,BETEL VINE *
COFFEA LIBERICA BULL EX HE.,COFFEE LIBERICA
AGAVE FOURCROYDES LEMAIRE,HENEQUEN *
AGAVE LECHEGUILLA TORREY,ISTLE *
FURCRAEA GIGANTEA V. WILLE.,MAURITIUS HEMP *
COLOCASIA ESCULENTA V. ANT.,EDDOE
BAMBUSA ARUNDINACEA WILLD.,THORNY BAMBOO *
BAMBUSA BALCOOA ROXB.,BAROBANS *
BAMBUSA LONGISPICULATA GAM.,TARU *
BAMBUSA NUTANS WALL.,BAMBOO NUTANS *
BAMBUSA POLYMORPHA MUNRO.,KYATHAUNGWA *
BAMBUSA TULDA ROXB.,TULDA *
BAMBUSA VULGARIS SCHRAD.,BARIALA *
CYPERUS ROTUNDUS L.,"NUTGRASS, PURPLE *"
CYMBOPOGON CITRATUS (DC.) S,WEST INDIAN LEMONGRASS*
COLA ACUMINATA (BEAUV.) SC.,ABATA KOLA *
CYMBOPOGON MARTINI (R.) MO.,ROSHA GRASS V. MOTIA *
CYMBOPOGON MARTINI (R.) SO.,ROSHA GRASS V. SOFIA *
ORYZA GLABERRIMA STEUD.,AFRICAN RICE *
SACCHARUM SPONTANEUM L.,WILD CANE
SACCHARUM ROBUSTUM BRANDES,SUGARCANE
SACCHARUM BARBERI JESWEIT,INDIAN CANE
SACCHARUM SINENSE ROXB.,JAPANESE CANE
CEPHAELIS IPECACUANHA (ST.),IPECAC *
ERYTHROXYLUM COCA LAM.,COCA *
ILEX PARAGUAIENSIS A. ST-H.,MATE *
ATRIPLEX VESICARIA HEWARD,BLADDER SALTBUSH *
ATRIPLEX GLAUCA L.,GUETTAFIA *
ATRIPLEX HALIMUS L.,MEDITERRANEAN SAL *
ATRIPLEX HORTENSIS L.,GARDEN OARCH *
ATRIPLEX LENTIFORMIS (TOR.),QUAIL BUSH *
ATRIPLEX CONFERTIFOLIA (T.),SHADSCALE *
ATRIPLEX NUMMULARIA LINDL.,OLD MAN SALTBUSH *
OLEA AFRICANA MILLER,WILD OLIVE *
SESBANIA BISPINOSA (JACQ.),DANICHA *
SESBANIA EXALTATA (RAF.) R.,COLORADO RIVER HEMP *
FRAGARIA CHILOENSIS L. DUCH,CHILEAN STRAWBERRY *
FRAGARIA VIRGINIANA DUCH.,VIRGINIA STRAWBERRY *
CYTISUS PROLIFERUS L. F.,TAGASASTE *
ALEURITES FORDII HEMSL.,TUNG-OIL-TREE *
ALEURITES MOLUCCANA (L.) W.,CANDLENUT *
BUCHANANIA LATIFOLIA ROXB.,CUDDAPAH ALMOND *
CASUARINA DIELSIANA C.A.GAR,DIELS' SHEOAK *
BAUHINIA ESCULENTA BURCHELL,CAMEL'S FOOT *
ALPINIA GALANGA (L.) WILLD.,GREATER GALANGA *
PROSOPIS SPICIGERA L.,JAND *
PROSOPIS PALLIDA H.B.K.,ALGAROBA *
PROSOPIS VELUTINA WOOTON,PROSOPIS VELUTINA *
BALANITES AEGYPTIACA (L)DEL,DESERT DATE *
BAPHIA NITIDA LODD.,CAMWOOD *
DILLENIA AUREA SM.,DILLENIA *
SESBANIA CANNABIA (RETZ.) P,SESBANIA CANNABIA *
SESBANIA MACRANTHA V LEVIS,SESBANIA MACRANTHA *
SESBANIA PACHYCARPA,SESBANIA PACHYCARPA *
SESBANIA SESBAN (L.)MERRILL,EGYPTIAN RATTLE POD *
DILLENIA INDICA L.,ELEPHANT APPLE *
DILLENIA PENTAGYNA ROXB.,DILLENIA *
MICHELIA CHAMPACA L.,CHAMPAC *
MICHELIA DOLTSOPA BUCH. HA.,CHAMP *
SESBANIA MACRANTHA V MACRA.,SESBANIA MACRANTHA *
POLYALTHIA FRAGRANS (DALZ.),DEBDARU *
COCHLOSPERMUM RELIGIOSUM L.,BUTTER-CUP TREE *
HYDNOCARPUS ALPINA WIGHT,TORATHI *
HYDNOCARPUS KURZII (KING) W,CHAULMUGRA *
HYDNOCARPUS LAURIFOLIA (D.),CHAULMOOGRA *
CALOPHYLLUM APETALUM WILLD.,POON *
CALOPHYLLUM ELATUM BEDD.,POONSPAR TREE *
CALOPHYLLUM INOPHYLLUM L.,ALEXANDRIAN LAUREL *
MESUA FERREA L.,MESUA *
POECILONEURON INDICUM BEDD.,BALLAGI *
SHOREA ROBUSTA GAERTN. F.,SAL *
SHOREA ASSAMICA DYER.,MAKAI *
SHOREA TALURA ROXB.,LAC TREE *
SHOREA TUMBUGGAIA ROXB.,GREEN DAMMAR TREE *
DIPTEROCARPUS ALATUS ROXB.,HAIRY-LEAFED APITONG *
DIPTEROCARPUS INDICUS BEDD.,GURJAN *
DIPTEROCARPUS MACROCARPUS V,HOLLONG *
DIPTEROCARPUS TURBINATUS G.,GURJAN *
HOPEA ODORATA ROXB.,THINGAN *
HOPEA PARVIFLORA BEDD.,WHITE KONGU *
HOPEA UTILIS (BEDD.) BOLE,BLACK KONGU *
HOPEA WIGHTIANA WALL.,THINGAM *
VATERIA INDICA L.,WHITE DHUP *
ADANSONIA DIGITATA F.MUELL,BAOBAB *
BOMBAX CEIBA L.,RED SILK COTTON TREE
BOMBAX INSIGNE WALL.,SEMUL *
OCHROMA PYRAMIDALE (CAV.),BALSA *
HERITIERA FOMES BUCH.,SUNDRI *
STERCULIA CAMPANULATA WALL,PAPITA *
STERCULIA URENS ROXB.,KARAYA GUM *
STERCULIA VILLOSA ROXB.,UDAL *
BERRYA CORDIFOLIA (WILLD.),TRINCOMALEE WOOD *
GREWIA ASIATICA L.,PHALSA *
GREWIA TILIIFOLIA VAHL.,DHAMAN *
AEGLE MARMELOS COTTEA,BAEL *
AILANTHUS EXCELSA ROXB.,MAHARUKH *
IPOMOEA AQUATICA FOR. REPT.,KANG KONG
AILANTHUS GRANDIS PRAIN,GOKUL *
BOSWELLIA SERRATA ROXB.,INDIAN OLIBANUM TREE *
GARUGA PINNATA ROXB.,GENDELI POMA *
TRICHOSANTHES CUCUMERINA L.,SNAKE GOURD *
PLECTRANTHUS ESCULENTUS N.E,LIVINGSTONE POTATO *
SPHENOSTYLIS STENOCARPA (H),AFRICAN YAM BEAN *
DIGITARIA EXILIS (KIPPIST),HUNGRY RICE *
ELEUSINE AFRICANA KENNEDY-O,ELEUSINE AFRICANA
PANICUM SUMATRENSE ROTH EX,LITTLE MILLET *
CAESALPINIA CORIARIA (JACQ),DIVI-DIVI *
CASSIA ALATA L.,RINGWORM BUSH *
CASSIA AURICULATA L.,AVARAM *
CASSIA OCCIDENTALIS L.,COFFEE SENNA *
CLITORIA LAURIFOLIA POIR.,LAURELLEAVED CLITORIA *
LONCHOCARPUS NICOU (AUBL.),BARBASCO *
MYROXYLON BALSAMUM (L) HAR.,TULO BALSAM *
MYROXYLON BALSAMUM V PEREI.,PERU BALSAM *
PTEROCARPUS ERINACEUS POIR.,SENEGAL ROSEWOOD *
PTEROCARPUS SANTALINUS L.F.,RED SANDALWOOD *
STYLOSANTHES ERECTA BEAUV.,NIGERIAN STYLO *
TEPHROSIA CANDIDA (ROXB.)DC,WHITE TEPHROSIA *
TEPHROSIA VOGELII HOOK. F.,FISHBEAN *
VIGNA UNGUICULATA BLIFLO. L,SOWPEA *
VIGNA VEXILLATA (L.) A.RICH,ZOMBI PEA *
ASTRAGALUS GUMMIFER LABILL.,GUM TRAGACANTH *
CAESALPINIA SAPPAN L.,SAPPANWOOD *
DERRIS MALACCENSIS (BENTH.),TUBA MERAH *
MEDICAGO SCUTELLATA (L)MILL,SNAIL MEDIC *
AUCOUMEA KLAINEANA PIERRE,GABOON *
CALLITRIS GLAUCA R.BR EX R.,WHITE CYPRESS PINE *
CAMPNOSPERMA BREVIPETIOLATA,KETEKETE *
CYBISTAX DONNELLSMITHII (R),PRIMAVERA *
MAESOPSIS EMINII ENGL.,MUSIZI *
OCTOMELES SUMATRANA MIQ.,BINUANG *
PINUS AYACAHUITE EHRENB.,MEXICAN WHITE PINE *
"PINUS CARIBAEA, BAHAMENSIS",BAHAMAN PINE *
PINUS GREGGII ENGELM.,PINUS GREGGII *
PINUS OOCARPA SCHIEDE,PINUS OOCARPA *
PINUS STROBUS V. CHIAPENSIS,PINABETE *
SWIETENIA MACROPHYLLA KING,LARGE-LEAVED MAHOGANY *
TERMINALIA BRASSII EXELL,SWAMP OAK *
CHLOROXYLON SWIETENIA DC.,EAST INDIAN SATINWOOD *
CHUKRASIA VELUTINA WT.& ARN,CHICKRASSY *
MELIA COMPOSTIA WILLD.,MALABAR NEEM WOOD *
SOYMIDA FEBRIFUGA A. JUSS.,INDIAN RED WOOD *
SWIETENIA MAHAGONI (L) JACQ,SMALL-LEAVED MAHOGANY *
LEPIDIUM MEYENII WALPERS,MACA *
TROPAEOLUM TUBEROSUM R.& P.,MASHUA *
OXALIS TUBEROSA MOLINA,OCA *
ULLUCUS TUBEROSUS CALDAS,ULLUCU *
TOONA SERRATA (ROXB.) M.RO.,HILL TOON *
ILEX DIPYRENA WALL.,HIMALAYAN HOLLY *
SAPINDUS EMARGINATUS VAHL.,RITHA *
SCHLEICHERA OLEOSA (LOUR.),LAC-TREE *
ACER CAESIUM WALL.,KAINSAL *
GLUTA TRAVANCORICA BEDD.,TINNE-RED *
LANNEA COROMANDELICA (HOU.),WODIER *
HARDWICKIA BINATA ROXB.,HARDWICKIA *
CASSIA FISTULA L.,INDIAN LABURNUM *
BAUHINIA RACEMOSA L.,BAUHINIA *
XYLIA DOLABRIFORMIS BENTH.,IRONWOOD OF BURMA *
ACACIA CATECHU (L.F.) WILL,CUTCH TREE *
ALBIZIA STIPULATA BOIVIN.,CHAKUA *
ALBIZIA PROCERA (ROXB.)BEN.,WHITE SIRIS *
ALBIZIA ODORATISSIMA BENTH,BLACK SIRIS *
ALBIZIA LUCIDA BENTH.,BURMESE SIRIS *
CARALLIA LUCIDA ROXB.,SHENGALI *
TERMINALIA BELERICA ROXB.,BAHERA *
TERMINALIA CHEBULA RETZ.,CHEBULIC MYROBALAN *
TERMINALIA TOMENTOSA W.& A.,SAIN *
TERMINALIA ARJUNA (ROXB.) W,ARJUNA *
TERMINALIA MYRIOCARPA HEUR.,PANISAJ *
TERMINALIA PANICULATA ROTH.,KINDAL *
ANOGEISSUS LATIFOLIA ROXB.,AXLE-WOOD TREE *
ANOGEISSUS PENDULA EDGEW.,KARDHAI *
ADHATODA VASICA (L.) NESS.,MALABAR NUT *
MAURITIA FLEXUOSA L.,BURITI PALM *
ASTROCARYUM JAUARI,JAUARI *
JESSENIA BATAUA (MART.) BU.,PATAUA *
EUTERPE CHAUNOSTACHYS BURR.,PALMICHE *
CARYOTA URENS L.,FISH-TAIL PALM *
BORASSUS FLABELLIFER L.,PALMYRA PALM *
LAGERSTROEMIA PARVIFLORA R.,DHAURA *
LAGERSTROEMIA FLOS-REGINAE,JARUL *
LAGERSTROEMIA TOMENTOSA PR.,LEZA *
LAGERSTROEMIA LANCEOLATA W.,BENTEAK *
PINUS GERARDIANA WALL.,CHILGOZA PINE *
CEDRUS DEODARA LOUDON,HIMALAYAN CEDAR *
ATTALEA FUNIFERA MART.,BAHIA PIASSAVA PALM *
EUTERPE OLERACEA MARTIUS,ACAI *
ADINA CORDIFOLIA HOOK. F.,HALDU *
STEPHEGYNE PARVIFOLIA KORTH,KAEM *
BASSIA LATIFOLIA ROXB.,KAT ILLIPI *
DIOSPYROS MELANOXYLON ROXB.,TENDU *
OLEA CUSPIDATA WALL.,INDIAN OLIVE *
WRIGHTIA TOMENTOSA ROEM.&SC,DUDHI *
STEROSPERMUM SUAVEOLENS DC.,PADAL *
CINNAMOMUM CAMPHORA (L.) P.,FORMOSA CAMPHOR TREE *
SANTALUM ALBUM L.,"SANDALWOOD, INDIAN *"
FICUS ELASTICA ROXB.,INDIA RUBBER FIG *
FICUS VOGELII (MIQ.) MIQ.,VOGEL FIG *
ARTOCARPUS CHAPLASHA ROXB.,CHAPLASH *
ARTOCARPUS LAKOOCHA ROXB.,MONKEY JACK *
CASTILLA ELASTICA CERV.,PANAMA RUBBER *
EUTERPE EDULIS MART.,EUTERPE EDULIS *
ARISTIDA ADSCENSIONIS L.,SIX-WEEKS THREE-AWN *
BRACHIARIA RADICANS NAPPER,TANNER GRASS *
DACTYLOCTENIUM GIGANTEUM L.,GIANT BUTTON GRASS *
EXOTHECA ABYSSINICA (A.R.),EXOTHECA *
IXOPHORUS UNISETUS (PRESL),MEXICAN GRASS *
LEERSIA HEXANDRA SW.,SWAMP RICE GRASS *
PANICUM WHITEI J.B. BLACK,PEPPER GRASS *
SEHIMA NERVOSUM (WILLD.) S.,RAT'S TAIL GRASS
HYPHAENE THEBAICA L.,DOUM PALM *
PAULLINIA CUPANA H.B.K.,GUARANA *
OCIMUM AMERICANUM L.,HOARY BASIL *
RAUWOLFIA SERPENTINA BENTH.,JAVA DEVIL PEPPER *
CALAMUS PEREGRINUS,RATTAN *
ORBIGNYA COHUME (MART.) DA.,COHUME PALM *
ORBIGNYA MARTIANA BARD&RODR,BABACU PALM *
ORBIGNYA OLEIFERA BURRET,BABACU PALM *
AESCHYNOMENE AMERICANA L.,AMERICAN JOINT VETCH *
ACANTHUS ILICIFOLIUS L.,ACANTHUS *
AVICENNIA OFFICINALIS L.,WHITE MANGROVE *
LUMNITZERA RACEMOSA WILLD.,KIRPA *
LUMNITZERA LITTOREA (JACK),LUMNITZERA
EXOECARIA AGALLOCHA L.,BLINDING TREE *
XYLOCARPUS GRANATUM KÃ¶NIG,PINLE ON *
XYLOCARPUS MEKONGENSIS PIE.,PUSSUR *
AEGICERAS CORNICULATUM BLA.,KULSI *
CALAMUS ERINACEUS (BECC.) D,LETEK *
RHIZOPHORA MUCRONATA LAM.,ASIATIC MANGROVE *
BRUGUIERA GYMNORRHIZA (L.),BURMA MANGROVE *
CERIOPS DECANDRA (GRIFF.),GORAN *
CORDIA AFRICANA LAM.,SUDAN TEAK *
MYRSINE AFRICANA L.,KURJAN SEED *
GRACILARIA VERRUCOSA,GRACILARIA *
GRACILARIA TENUISTIPITATA,GRACILARIA *
STIPA TENACISSIMA L.,ESPARTO *
CITRULLUS COLOCYNTHIS (L.),COLOCYNTH *
SAPIUM SEBIFERUM (L.) ROXB.,CHINESE TALLOW TREE *
SCLEROCARYA CAFFRA SOND.,MORULA *
PTEROCARPUS MARSUPIUM ROXB.,KINO TREE *
PTEROCARPUS DALBERGIOIDES R,ANDAMAN REDWOOD *
PTEROCARPUS MACROCARPUS KU.,BURMA PADAUK *
NAUCLEA ORIENTALIS (L.) L.,CHEESEWOOD *
PTEROCARPUS INDICUS WILLD.,MALAY PADAUK *
DALBERGIA LATIFOLIA ROXB.,BLACKWOOD *
DERRIS INDICA (LAM.) BENNET,INDIAN BEECH *
SANTALUM ACUMINATUM,QUANDONG *
ENTOLASIA IMBRICATA STAPF,BUNGOMA GRASS *
ERAGROSTIS TREMULA (LAM.) S,BANO *
CELTRIS AUSTRALIS L.,NETTLE TREE *
PENTACLETHRA MACROPHYLLA B.,OIL-BEAN TREE *
YUCCA ELEPHANTIPES REGEL.,ITABO *
CINNAMOMUM CASSIA PRESL.,CHINESE CASSIA *
ALOE FEROX MILLER,CAPE ALOE *
ALOE PERRYI BAKER,SOCOTRINE ALOE *
ASPARAGUS DENSIFLORUS CV S.,SPRINGER ASPARAGUS *
CALATHEA ALLOUIA (AUBL.) L.,CORNROOT *
CANARIUM INDICUM L.,JAVA-ALMOND *
CARISSA CARANDAS L.,KARANDA *
CARISSA EDULIS VAHL.,EGYPTIAN CARISSA *
DENDROCALAMUS STRICTUS NEES,MALE BAMBOO *
DENDROCALAMUS GIGANTEUS MU.,WAABO *
DENDROCALAMUS LONGISPATHUS,KHANG *
DIOSCOREA COMPOSITA HEMSL.,COMPOSITA YAM *
ARACHIS GLABRATA BENTH.,RHIZOMA PEANUT *
ARACHIS PINTOI KRAP.& GREG.,PINTO PEANUT *
ARUNDINARIA PUSILLA A. CHE.,BAMBOO GRASS *
ASYSTASIA GANGETICA (L.)T.A,RUMBUT BUNGA PUTIH *
CALOPOGONIUM CAERULEUM B.S.,CAERULEUM CALOPO *
CENTROSEMA ACUTIFOLIUM BEN.,CENTROSEMA *
CENTROSEMA MACROCARPUM BEN.,CENTROSEMA *
CHRYSOPOGON ACICULATUS (R.),LOVE GRASS *
DESMANTHUS VIRGATUS (L.) W.,FALSE TAMARIND *
FICUS SUBCORDATA BLUME,BUNUT LENGIS *
ISCHAEMUM MUTICUM L.,DROUGHT GRASS *
ISCHAEMUM RUGOSUM SALISB.,WRINKLE DUCK-BEAK *
ISCHAEMUM TIMORENSE KUNTH,CENTIPEDE GRASS *
MICROSTEGIUM CILIATUM (T.),BANYONAN TEMBAGA *
MIKANIA CORDATA (B.) B.L.R.,MILE-A-MINUTE *
MIMOSA PUDICA L.,SENSITIVE PLANT *
STYLOSANTHES CAPITATA VOGEL,STYLOSANTHES *
STYLOSANTHES MACROCEPHALA,STYLOSANTHES MACRO. *
TRIPSACUM ANDERSONII J.R.G.,GUATEMALA GRASS *
HYMENACHNE ACUTIGLUMA (S.),WICK GRASS *
DIOSCOREA FLORIBUNDA M.&G.,WILD YAM *
ORYZA SATIVA L. S. INDICA,RICE UPLAND (INDICA)
PERSEA AMERICANA MILL.,AVOCADO * (GUATEMALAN)
PERSEA AMERICANA MILL.,AVOCADO * (WEST INDIAN)
PASSIFLORA EDULIS V FLAVIC.,GOLDEN PASSIONFRUIT
GUIZOTIA ABYSSINICA CASS.,NIGER SEED (ETHIOPIAN)
SORGHUM BICOLOR (L.) MOENCH,SORGHUM (HIGH ALTITUDE)
MELALEUCA DEALBATA S.T.BLA.,BLUE-LEAVED PAPERBARK *
GMELINA LEICHHARDTII (F.M.),WHITE BEECH *
DELONIX REGIA (BOJ.EX HOOK),FLAMBOYANT *
JACARANDA COPAIA (AUBL.) D.,FUTUI *
PARKIA BIGLOBOSA (JACQ.) B.,LOCUST BEAN TREE *
PINUS CHIAPENSIS (MARTINEZ),PINUS CHIAPENSIS
TERMINALIA CALAMANSANAI R.,KWAKO *
SAGERAEA ELLIPTICA HOOK. F.,ANDAMAN BOW-WOOD *
COCCOLOBA UVIFERA (L.) L.,SEAGRAPE *
HIBISCUS TILIACEUS L.,MAHOE *
MELALEUCA QUINQUENERVIA (C),FINE-VEINED PAPERBARK *
MELIA AZEDARACH L.,CHINABERRY *
COMBRETUM MICRANTHUM G. DON,KINKELIBA *
POPULUS EUPHRATICA OLIV.,EUPHRATES POPLAR *
TERMINALIA CATAPPA L.,INDIAN ALMOND *
ANOGEISSUS ACUMINATA WALL.,CHAKWA *
GUAZUMA ULMIFOLIA LAM.,GUACIMA *
MUNTINGIA CALABURA L.,JAMAICA CHERRY *
ADANSONIA GREGORII F.MUELL.,BOTTLE TREE *
ACACIA MILLIFERA (VAHL)BENT,ACACIA MILLIFERA
ACACIA LAETA R.BR.EX BENTH.,ACACIA LAETA *
AMMANDRA NATALIA,FIBRA *
ACACIA GLAUCOCAESIA DOMIN,ACACIA GLAUCOCAESIA
CASUARINA OLIGODON L.JOHNS.,SOFT YAR *
CITRUS MADURENSIS LOUR.,PHILIPPINE LIME *
MELOCANNA BACCIFERA (ROXB.),MELOCANNA *
MELOCALAMUS COMPACTIFLORUS,MELOCALAMUS *
NEOHOUZEAUA DULLOOA (GRAM.),NEOHOUZEAUA *
OXYTENANTHERA NIGROCILIATA,KALIA *
THYRSOSTACHYS SIAMENSIS GA.,TIYOWA *
DENDROCALAMUS HAMILTONII N.,KAGHSI BANS *
DENDROCALAMUS MERRILLIANUS,BAYOG *
FLEMINGIA MACROPHYLLA BLUM.,MALABALATONG *
INTSIA BIJUGA (COLEBR.)O.K.,BORNEO TEAK *
LEUCAENA DIVERSIFOLIA BENTH,LEUCAENA DIVERSIFOLIA *
PITHECELLOBIUM DULCE (ROX.),KAMACHILE *
AGATHIS MICROSTACHYA BAILEY,KAURI PINE *
AGATHIS ROBUSTA (MOORE) BA.,KAURI PINE *
LICUALA RAMSAYI (F.MUELL.),WEDGE LEAFLET FAN PALM*
ALSTONIA SCHOLARIS (L)R.BR.,WHITE CHEESEWOOD *
EUCRYPHIA LUCIDA (LABILL.),LEATHERWOOD *
ENDIANDRA PALMERSTONII (B.),QUEENSLAND WALNUT *
ERYTHROPHLEUM CHLOROSTAHYS,COOKTOWN IRONWOOD *
ATHEROSPERMA MOSCHATUM LAB.,SOUTHERN SASSAFRAS *
CARDWELLIA SUBLIMIS F.MUELL,NORTHERN SILKY OAK *
GREVILLEA PARALLELLA J.KNI.,SILVER OAK *
RHIZOPHORA STYLOSA GRIFFITH,SMALL-STILTED MANGROVE*
FLINDERSIA BOURJOTIANA F.M.,QUEENSLAND SILVER ASH *
FLINDERSIA BRAYLEYANA F.MU.,QUEENSLAND MAPLE *
FLINDERSIA PIMENTELIANA F.M,MAPLE SILKWOOD *
ARGYRODENDRON ACTINOPHYLLUM,BLUSH TULIP OAK * (DIV)
EUCALYPTUS SUBCRENULATA MA.,TASMAN.ALP.YELLOW GUM *
EUCALYPTUS JOHNSTONII MAID.,TASMANIAN YELLOW GUM *
PINUS TEOCOTE SCHL. & CHAM.,OCOTE *
PINUS TENUIFOLIA BENTH.,CANTAJ *
PINUS PSEDOSTROBUS V OAXAC.,MOCOCHTAJ *
PINUS HARTWEGII LINDL.,OCOTE *
PINUS RUDIS ENDL.,OCOTE *
PINUS MICHOACANA V CORNUTA,MOCOCHTAJ *
PINUS MICHOACANA F. TUMIDA,OCOTE *
PINUS OOCARPA V OCHOTERENAI,OCOTE DE CARRETILLA *
PINUS DOUGLASIANA MARTINEZ,PINUS DOUGLASIANA *
PINUS DURANGENSIS MARTINEZ,PINUS DURANGENSIS *
PINUS AYACHUITE EHRENB V BR,PINUS AYACHUITE *
AFZELIA AFRICANA SMITH,AFZELIA AFRICANA *
AGATHIS MACROPHYLLA (LINDL),KAURI PINE *
ALTINGIA EXCELSA NORONA,RASAMALA *
ANISOPTERA SCAPHULA (ROXB.),BOILAM *
ANTHOCEPHALUS MACROPHYLLUS,SAMAMA *
ALBIZIA CHINENSIS (OSB.) M.,KARAI *
CEDRELA TOONA ROXB.,RED CEDAR *
DIPTEROCARPUS COSTATUS GAER,DULIA GARJAN *
DIPTEROCARPUS GRACILIS BL.,DHALI GARJAN *
SONNERATIA APETALA HAM.,KEORA *
TREWIA NUDIFLORA L,PITALI *
CAMELLIA SINENSIS V ASSAM.,ASSAM TEA
CALOPHYLLUM PEEKELII LAUTE.,BAULA *
ACACIA BIDWILLII BENTH.,CORKWOOD WATTLE *
ACACIA BRASSII PEDLEY,ACACIA BRASSII *
ACACIA CINCINNATA F. MUELL.,ACACIA CINCINNATA *
ACACIA COWLEANA TATE,HALLS CREEK WATTLE *
ACACIA CRASSICARPA A.CUNN.,NORTHERN WATTLE *
ACACIA DIFFICILIS MAIDEN,ACACIA DIFFICILIS *
ACACIA FASCICULIFERA F.MUE.,ROSE WATTLE *
ACACIA FLAVESCENS A.CUNN.,RED WATTLE *
ACACIA JULIFERA BENTH.(GIL),ACACIA JULIFERA (GIL) *
ACACIA LEPTOCARPA A. CUNN.,ACACIA LEPTOCARPA *
ACACIA MONTICOLA J.M. BLACK,TURPENTINE *
ACACIA ORARIA F. MUELL.,SULI *
ACACIA PLECTOCARPA A. CUNN.,BLACK WATTLE *
ACACIA POLYSTACHYA A. CUNN.,ACACIA POLYSTACHYA *
ACACIA ROTHII BAILEY,TOOROO *
ACACIA SHIRLEYI MAIDEN,LANCEWOOD *
ACACIA SIMSII A. CUNN EX B.,HEATHLANDS WATTLE *
ACACIA TEPHRINA PEDLEY,BOREE *
ACACIA TORULOSA BENTH.,TORULOSA WATTLE *
ACACIA TRACHYCARPA E. PRIT.,MINNI RITCHI *
ACACIA TUMIDA F. MUELL EX B,PINDAN WATTLE *
ALBIZIA TOONA BAILEY,RED SIRIS *
BUCKINGHAMIA CELSISSIMA F.M,SPOTTED SILKY OAK *
CASSIA BREWSTERI (F.MUELL.),BREWSTER CASSIA *
DENDROLOBIUM UMBELLATUM L.,HORSE BUSH *
EUCALYPTUS BREVIFOLIA F.MU.,NOTHERN WHITE GUM *
EUCALYPTUS JENSENII MAIDEN,WANDI IRONBARK *
EUCALYPTUS ODONTOCARPA F.M.,STURT CREEK MALLEE *
LOPHOSTEMON SUAVEOLENS SOL.,SWAMP BOX *
MELALEUCA ARCANA S.T. BLAKE,WINTI *
MELALEUCA CAJUPUTI POWELL.,SWAMP TEA-TREE *
MELALEUCA NERVOSA (LINDLEY),YELLOW-BARK. PAPERBARK*
MELALEUCA SYMPHYOCARPA F.M.,LINIMENT TREE *
MELALEUCA VIRIDIFLORA SOL.,BROAD-LEAVED PAPERBARK*
NEOFABRICIA MYRTIFOLIA (G.),NEOFABRICIA MYRTIFOLIA*
PARINARI NONDA F. MUELL.,NONDA-TREE *
PERSOONIA FALCATA R. BR.,WILD PEAR *
PETALOSTIGMA PUBESCENS DOM.,QUININE TREE *
SESBANIA FORMOSA (F.MUELL.),SWAMP CORKWOOD *
EUGENIA SUBORBICULARE (BE.),FOREST SATINASH
TERMINALIA AROSTRATA EWART,NUTWOOD *
TERMINALIA SERICOCARPA F.M.,DAMSON *
TERMINALIA VOLUCRIS R. BR.,ROSEWOOD *
ANOGEISSUS LATIFOLIA (ROXB),AXLEWOOD *
AVICENNIA GERMINANS (L.) L.,BLACK MANGROVE *
AVICENNIA MARINA (FORSK.) V,GREY MANGROVE *
CERIOPS TAGAL (PERR.)C.B.R.,TAGAL MANGROVE *
CONOCARPUS ERCTUS L.,BUTTON MANGROVE *
LAGUNCULARIA RACEMOSA (L.),WHITE MANGROVE *
RHIZOPHORA MANGLE L.,RED MANGROVE *
SONNERATIA CASEOLARIS (L.),CRABAPPLE MANGROVE *
DUBOISIA MYOPOROIDES R. BA.,CORKWOOD *
ABROMA AUGUSTUM (L.) L.F.,PERENNIAL INDIAN HEMP *
AGAVE CANTALA ROXB.,CANTALA FIBRE *
SANSEVIERIA GUINEENSIS (L),BOWSTRING HEMP *
NEOGLAZOVIA VARIGATA MEZ.,CAROA FIBRE *
ACEHMEA MAGDALENAE ANDRE,PITA FIBRE *
RAPHIA HOOKERI MANN.& WENDL,WINE PALM *
CARLUDOVICA PALMATA RUIZ,PANAMA HAT PALM *
PIPER METHYSTICUM FORST.,KAVA *
CNIDOSCOLUS CHAYAMANSA MCV.,CHAYA *
LACTUCA INDICA L.,INDIAN LETTUCE *
CHAMAEDOREA SPP,PACAYA *
SACCHARUM EDULE HASSK.,PITPIT *
CANARIUM OVATUM ENGL.,PILI NUT *
CLAUSENA LANSIUM (LOUR.) S.,WAMPEE *
PASSIFLORA LAURIFOLIA L.,WATER-LEMON *
AGARICUS BISPORUS,"MUSHROOM, CULTIVATED"
CLEOME GYNANDRA L.,BASTARD MUSTARD *
ARCHIDENDRON JIRINGA (JACK),JENGKOL *
EMILIA SONCHIFOLIA (L.) DC.,EMILIA *
LYCIUM CHINENSE MILLER,CHINESE BOXTHORN *
MOMORDICA COCHINCHINENSIS,SWEET GOURD *
MONOCHORIA HASTATA (L.) S.,HASTATE-LEAVED P.WEED *
MONOCHORIA VAGINALIS (N.L.),OVAL-LEAVED PONDWEED *
MUSA SALACCENSIS ZOLL.,BANANA *
NEPTUNIA PROSTRATA (LAMK) B,WATER MIMOSA *
POLYSCIAS VERTICILLATA STON,VALANGUR *
SOLANUM TORVUM SWARTZ,PLATE BUSH *
SOLANUM FEROX L.,TARONG PASAI *
TALINUM TRIANGULARE (JACQ.),WATERLEAF *
AGATHIS LABILLARDIERI WARB.,NEW GUINEA KAURI *
ALPINIA OFFICINARUM HANCE,LESSER GALANGA *
DENDROCALAMUS ASPER (SCHU.),GIANT BAMBOO *
FAGRAEA FRAGRANS ROXB.,TEMBUSU *
GELIDIELLA ACEROSA (FORSS.),INTIP-INTIP *
MORINDA CITRIFOLIA L.,INDIAN MULBERRY *
ONCOSPERMA TIGILLARIUM (J.),NIBONG *
SALACCA ZALACCA (GAERTNER),SALAK PALM *
COTYLELOBIUM BURCKII (HEIM),RESAK DURIAN *
COTYLELOBIUM LANCEOLATUM C.,RESAK BUKIT *
COTYLELOBIUM MELANOXYLON H.,RESAK HITAM *
EUSIDEROXYLON ZWAGERI TEIJ.,ULIN IRONWOOD *
XYLIA XYLOCARPA ROXB.,JAMBA *
HERITIERA LITTORALIS AITON,LOOKING-GLASS TREE *
ALBIZIA PULLENII VERDC.,ALBIZIA PULLENII *
PERICOPSIS MOONIANA THWAIT.,NANDU WOOD *
PHASEOLUS POLYANTHUS GREEN.,BOTIL *
ANNONA SCLERODERMA SAFF.,POSHTE *
PHYSALIS PHILADELPHICA LAM.,TOMATILLO *
SOLANUM X JUZEPCZUKII,"POTATO, BITTER *"
MIRABILLIS EXPANSA RUIZ & P,MAUKA *
ACACIA LEUCOPHLOEA (ROXB.),PILANG *
BUTEA MONOSPERMA (LAMK) TA.,FLAME-OF-THE-FOREST *
DIOSPYROS MALABARICA (DESR),MALABAR EBONY *
LAWSONIA INERMIS L.,HENNA *
FIBRAUREA TINCTORIA LOUR.,AREUY GEMBER *
XYLOCARPUS MOLUCCENSIS (L.),NYIRI BATU *
ANTIDESMA BUNIUS (L.) SPRE.,BIGNAY *
ARTOCARPUS HIRSUTA LAM.,RANPHANNAS *
ARTOCARPUS INTEGER (THUNB.),CHEMPEDAK *
BACCAUREA MOTLEYANA (MUEL.),RAMBAI *
BACCAUREA RECAMOSA (REINW.),KAPUNDUNG *
BACCAUREA RAMIFLORA LOUR.,BURMESE GRAPE *
CYNOMETRA CAULIFLORA L.,NAMNAM *
DIMOCARPUS LONGAN LOUR MALE,MATA KUCING *
GARCINIA DULCIS (ROXB) KURZ,MUNDU *
GARCINIA XANTHOCHYMUS HOOK.,ASAM KANDIS *
GARCINIA MULTIFLORA CHAMP.,BIRA TAI *
SALACCA WALLICHIANA C. MAR.,RAKUM PALM *
ANTHOCLEISTA NOBILIS G. DON,CARBAGE TREE *
ARTEMISIA AFRA JACQ.,"WORMWOOD, AFRICAN *"
MALLOTUS PHILIPPENSIS (LA.),KAMALA *
CARYODENDRON ORINOCENSE,CACAY *
CORDEAUXIA EDULIS,YICIB *
LEMUROPISUM EDULE,TARA *
SOLANUM TUBEROSUM L.,POTATO
CAMELLIA SINENSIS (L) O.K.,TEA
SESAMUM INDICUM L.,SESAME SEED
ALLIUM CEPA L. V CEPA,ONION
COLOCASIA ESCULENTA (L.) S.,COCOYAM
MACADEMIA INTEGRIFOLIA M&B.,MACADEMIA NUT
AMARANTHUS SPP.,AMARANTHUS
PRUNUS AMYGDALUS BATSCH.,ALMOND
CANNABIS SATIVA L.,HEMP
URENA LOBATA L.,URENA *
FRAGARIA X ANANASSA (D.) G.,GARDEN STRAWBERRY
CARYA ILLINOENSIS WANGENH.,PECAN NUT
LABLAB PURPUREUS MEDIK.,HYACINTH BEAN
BENINCASA HISPIDA (T.) COGN,WAX GOURD *
METROXYLON SAGU ROTTBOELL,SAGO PALM
PARKINSONIA ACULEATA L.,HORSE BEAN TREE *
ROBINIA PSEUDOACACIA L.,FALSE ACACIA *
STACHYS AFFINIS BUNGE,CHINESE ARTICHOKE *
ASPARAGUS OFFICINALIS L.,ASPARAGUS
SOLANUM NIGRUM L.,BLACK NIGHTSHADE *
MENTHA X PIPERITA L.,PEPPERMINT
BRASSICA OLERACEA L.V ITAL.,SPROUTING BROCCOLI
CICHORIUM INTYBUS L.,CHICORY
CICHORIUM ENDIVIA L.,ENDIVE
OENANTHE JAVANICA (BL.) DC.,OENANTHE *
CYNARA SCOLYMUS L.,GLOBE ARTICHOKE
ZINGIBER OFFICINALE ROSC.,GINGER
APIUM GRAVEOLENS L. V RAPAC,CELERIAC
ARMORACIA RUSTICANA P.GAER.,HORSERADISH
SALIX BABYLONICA L.V.SACRA.,SAUCE AMERICANO *
SCHINUS MOLLE L.,PEPPER TREE *
SCHIZOLOBIUM PARAHYBUM (V.),BRAZILIAN FIRE TREE *
TAMARIX APHYLLA (L.) KARST.,TAMARISK *
ZIZYPHUS SPINA-CHRISTI (L.),CHRIST-THORN *
PETROSELINUM CRISPUM MILL.,PARSLEY
PASSIFLORA QUADRANGULARIS L,GIANT GRANADILLA
VACCINIUM MACROCARPON AIT.,CRANBERRY
VACCINIUM ANGUSTIFOLIUM AIT,LOWBUSH BLUEBERRY
VACCINIUM CORYMBOSUM L.,HIGHBUSH BLUEBERRY
PASSIFLORA MOLLISSIMA (HBK),BANANA PASSIONFRUIT
HUMULUS LUPULUS L.,HOPS
SAUROPUS ANDROGYNUS MERRILL,STAR GOOSEBERRY
RIBES UVA-CRISPA L.,EUROPEAN GOOSEBERRY
ROSMARINUS OFFICINALIS L.,ROSEMARY
EUGENIA UVALHA CAMB.,UVALHA
EUGENIA UNIFLORA L.,BRAZIL CHERRY *
CITRUS LATIFOLIA TAN.,TAHITI LIME
NEPHELIUM LAPPACEUM L.,RAMBUTAN
ANNONA MURICATA L.,SOURSOP
GARCINIA MANGOSTANA L.,MANGOSTEEN
MORINGA OLEIFERA LAM.,BENOIL TREE
MURRAYA KOENIGII (L.) SPRE.,CURRYLEAF TREE
FEIJOA SELLOWIANA O. BERG,FEIJOA
CITRUS DELICIOSA TEN.,MEDITERRANEA MANDARIN
ANNONA ATEMOYA HORT,ATEMOYA
MORUS NIGRA L.,BLACK MULBERRY
EUGENIA JAMBOS L.,ROSE-APPLE
NYPA FRUTICANS WURMB.,NIPA PALM
CITRUS UNSHIU MARCOVITCH,SATSUMA MANDARIN *
CITRUS AURANTIUM L.,SOUR ORANGE
SPINACIA OLERACEA L.,SPINACH
ALLIUM CEPA L. V AGGREGATUM,SHALLOT
ALLIUM FISTULOSUM L.,WELSH ONION
AMARANTHUS CAUDATUS L.,INCA WHEAT
AMARANTHUS CRUENTUS L.,SPANISH GREENS
AMARANTHUS HYPOCHONDRIACUS,PRINCESS FEATHER *
AMARANTHUS LIVIDUS L.,LIVID AMARANTH *
AMARANTHUS TRICOLOR L.,CHINESE AMARATH
RAPHANUS SATIVUS L. (C.R.),"RADISH, CHINESE *"
DIOSCOREA CAYENENSIS LAM.,YELLOW YAM
RHEUM RHAPONTICUM L.,GARDEN RHUBARB *
BRASSICA CAMPESTRIS L.,BIRD RAPE
THEMEDA AUSTRALIS (R.BR.) S,KANGAROO GRASS *
TRITICUM DURUM DESF.,"WHEAT, DURUM *"
CHENOPODIUM QUINOA WILLDEN.,QUINOA
MORUS ALBA  L.,WHITE MULBERRY
MORUS RUBRA L.,RED MULBERRY *
AMARANTHUS DUBIUS L.,AMARANTH
RUNGIA KLOSSII S. MOORE,RUNGIA
CUCURBITA FOETIDISSIMA HBK,BUFFALO GOURD *
RAPHANUS SATIVUS L. (L.R.),"RADISH, LEAF *"
RAPHANUS SATIVUS L. (R.R.),"RADISH, RAT-TAILED *"
RAPHANUS SATIVUS L. (S.R.),"RADISH, WESTERN"
STEVIA REBAUDIANA (BERTONI),STEVIA *
ARISTIDA PLUMOSA L.,SOLIANE *
CELOSIA ARGENTEA L.,COCK'S COMB *
CASUARINA CRISTATA MIQ. CR.,BLACK OAK *
CASUARINA CRISTATA MIQ. PA.,BLACK OAK
ARISTIDA PENNATA TRIN.,ARISTIDA PENNATA *
ZEA MAYS L. S. MAYS,MAIZE
VITIS VINIFERA L.,EUROPEAN WINE GRAPE
MANIHOT ESCULENTA CRANTZ.,CASSAVA
SACCHARUM OFFICINARUM L.,SUGARCANE
COFFEA ARABICA L.,COFFEE ARABICA
COFFEA CANEPHORA PIERRE,COFFEE ROBUSTA
SECALE CEREALE L.,RYE
PANICUM MILIACEUM L.,"MILLET, COMMON"
IPOMOEA BATATAS (L.) LAM.,SWEET POTATO
CITRUS SPP,CITRUS
VIGNA UNGUICULATA UNGUIC. L,COWPEA
CAPSICUM ANNUUM L.,SWEET PEPPER
NICOTIANA TABACUM L.,TOBACCO
PISUM SATIVUM L.,PEA
CICER ARIETINUM L.,CHICK PEA
PHASEOLUS VULGARIS L.,"BEAN, COMMON"
LACTUCA SATIVA L.,LETTUCE
CAJANUS CAJAN (L.) MILL SSP,PIGEON PEA
CYAMOPSIS TETRAGONOLOBA (L),CLUSTER BEAN
CROTALARIA JUNCEA L.,SUNN HEMP
VIGNA ANGULARIS (WILLD.) O.,ADZUKI BEAN
VIGNA UNGUICULATA SESQUI. L,ASPARAGUS BEAN
MACROTYLOMA UNIFLORUM (LAM),HORSE GRAM
PHASEOLUS LUNATUS L.,LIMA BEAN
VIGNA ACONITIFOLIA (JACQ.),MOTH BEAN
VIGNA RADIATA (L.) WILCZEK,MUNG BEAN
PHASEOLUS COCCINEUS L.,SCARLET RUNNER BEAN
PHASEOLUS ACUTIFOLIUS GRAY,TEPARY BEAN
VIGNA MUNGO (L.) HEPPER,URD BEAN
MUCUNA PRURIENS (L.) DC.,VELVET BEAN *
PSOPHOCARPUS TETRAGONOLOBUS,"BEAN, WINGED"
VOANDZEIA SUBTERRANEA (L)T.,BAMBARA GROUNDNUT *
CITRUS LIMON (L.) BURM. F.,LEMON
CITRUS AURANTIFOLIA (CHRI.),LIME
CITRUS PARADISI MACFAD.HOOK,GRAPEFRUIT
CITRUS MAXIMA (BURM.) MERR.,PUMMELO
CITRUS RETICULATA BLANCO X,MANDARIN
MOMORDICA CHARANTIA L.,BITTER GOURD *
LAGENARIA SICERARIA (M) ST.,BOTTLE GOURD *
SECHIUM EDULE (JACQ) SWARTZ,CHOYOTE
CUCURBITA MOSCHATA (DUCH.),PUMPKIN
LUFFA ACUTANGULA (L.) ROXB.,RIDGED GOURD *
LUFFA CYLINDRICA (L.) M.J.R,SMOOTH LUFFA *
CHLORIS GAYANA KUNTH,RHODES GRASS
HYPARRHENIA RUFA (NESS) ST.,JARAGUA GRASS *
PENNISETUM GLAUCUM (L)R.BR.,PEARL MILLET
SETARIA ITALICA (L.) BEAUV.,ITALIAN MILLET *
SORGHUM HALEPENSE (L.) PERS,JOHNSON GRASS *
SORGHUM X DRUMMONDII (S.),SUDAN GRASS
MACROPTILIUM ATROPURPUREUM,SIRATRO
BASELLA ALBA L.,CEYLON SPINACH
SOLANUM MURICATUM AIT.,MELON PEAR
SOLANUM QUITOENSE LAMARCK,NARANJILLA
CYPHOMANDRA BETACEA (CAV.),TREE TOMATO
BACTRIS GASIPAES H.B.K.,PEACH PALM
PACHYRRHIZUS EROSUS L URBAN,YAM BEAN *
CAPSICUM FRUTESCENS L.,HOT PEPPER
BOUTELOUA GRACILIS (WILLD.),BLUE GRAMA *
ELEUSINE CORACANA (L)GAERTN,FINGER MILLET
ISCHAEMUM MAGNUM RENDLE,RUMPUT MELAYU *
STYLOSANTHES HAMATA (L.) T.,CARRIBEAN STYLO
NICOTIANA SPP,BURLEY TOBACCO
GOSSYPIUM BARBADENSE L.,AMERICAN PIMA COTTON
GOSSYPIUM ARBOREUM L.,TREE COTTON
GOSSYPIUM HERBACEUM L.,LEVANT COTTON
ZEA MAYS V. INDENTATA STURT,DENT MAIZE
ZEA MAYS V. INDURATA STURT,FLINT MAIZE
ZEA MAYS V.SACCHARATA STURT,SWEET CORN
ZEA MAYS V. AMYLACEA STURT,SOFT MAIZE
ZEA MAYS V. EVERTA STURT,POP MAIZE
ZEA MAYS V. CERATINA KULASH,VAXY MAIZE
ZEA MAYS V. TUNICATA STURT,POD MAIZE
ACACIA CAMBAGEI R.T. BAKER,GIDGEE *
COFFEA EXCELSA L.,COFFEE EXCELSA *
